bus,ac_component,response_zone_id,component_zone_count,component_silhouette,feature_norm,active_mode_count,clustering_basis
86221,0,C000-Z001,1,0.0,0.0,0,centered_event_weighted_directional_ptdf
GB_EWIC,1,C001-Z001,1,0.0,0.0,0,centered_event_weighted_directional_ptdf
GB_GREENLINK,2,C002-Z001,1,0.0,0.0,0,centered_event_weighted_directional_ptdf
1021,3,C003-Z001,2,0.8445897895128286,0.03716788681895031,16,centered_event_weighted_directional_ptdf
1031,3,C003-Z001,2,0.8445897895128286,0.01938226005355734,16,centered_event_weighted_directional_ptdf
1041,3,C003-Z001,2,0.8445897895128286,0.0354572914945791,16,centered_event_weighted_directional_ptdf
1042,3,C003-Z001,2,0.8445897895128286,0.03563912820343098,16,centered_event_weighted_directional_ptdf
1052,3,C003-Z001,2,0.8445897895128286,0.03563927725981213,16,centered_event_weighted_directional_ptdf
1061,3,C003-Z001,2,0.8445897895128286,0.06428720783636262,16,centered_event_weighted_directional_ptdf
1062,3,C003-Z001,2,0.8445897895128286,0.035639277259812224,16,centered_event_weighted_directional_ptdf
1071,3,C003-Z001,2,0.8445897895128286,0.021672291167419235,16,centered_event_weighted_directional_ptdf
1072,3,C003-Z001,2,0.8445897895128286,0.03563825209857039,16,centered_event_weighted_directional_ptdf
1081,3,C003-Z001,2,0.8445897895128286,0.0378942264966682,16,centered_event_weighted_directional_ptdf
1091,3,C003-Z001,2,0.8445897895128286,0.03436286386008417,16,centered_event_weighted_directional_ptdf
1101,3,C003-Z001,2,0.8445897895128286,0.026833526457832897,16,centered_event_weighted_directional_ptdf
1121,3,C003-Z001,2,0.8445897895128286,0.08019028642191593,16,centered_event_weighted_directional_ptdf
1122,3,C003-Z001,2,0.8445897895128286,0.09102747160034162,16,centered_event_weighted_directional_ptdf
1131,3,C003-Z001,2,0.8445897895128286,0.06110248272991374,16,centered_event_weighted_directional_ptdf
1141,3,C003-Z001,2,0.8445897895128286,0.010439207518219931,16,centered_event_weighted_directional_ptdf
1151,3,C003-Z001,2,0.8445897895128286,0.04925170917579718,16,centered_event_weighted_directional_ptdf
1161,3,C003-Z001,2,0.8445897895128286,0.048120518036575834,16,centered_event_weighted_directional_ptdf
1181,3,C003-Z001,2,0.8445897895128286,0.028481625535315486,16,centered_event_weighted_directional_ptdf
1201,3,C003-Z001,2,0.8445897895128286,0.031884073491500076,16,centered_event_weighted_directional_ptdf
1211,3,C003-Z001,2,0.8445897895128286,0.047441110010357716,16,centered_event_weighted_directional_ptdf
1212,3,C003-Z001,2,0.8445897895128286,0.04744111001036467,16,centered_event_weighted_directional_ptdf
1221,3,C003-Z001,2,0.8445897895128286,0.016972333437911675,16,centered_event_weighted_directional_ptdf
1231,3,C003-Z001,2,0.8445897895128286,0.06127549534294869,16,centered_event_weighted_directional_ptdf
1243,3,C003-Z001,2,0.8445897895128286,0.03556168673027996,16,centered_event_weighted_directional_ptdf
1244,3,C003-Z001,2,0.8445897895128286,0.03556168673028225,16,centered_event_weighted_directional_ptdf
1251,3,C003-Z001,2,0.8445897895128286,0.04196716551315452,16,centered_event_weighted_directional_ptdf
1261,3,C003-Z001,2,0.8445897895128286,0.02886975886614052,16,centered_event_weighted_directional_ptdf
1271,3,C003-Z001,2,0.8445897895128286,0.02198499741166459,16,centered_event_weighted_directional_ptdf
1281,3,C003-Z001,2,0.8445897895128286,0.03994372333176576,16,centered_event_weighted_directional_ptdf
1301,3,C003-Z001,2,0.8445897895128286,0.06599196162095741,16,centered_event_weighted_directional_ptdf
1311,3,C003-Z001,2,0.8445897895128286,0.051153752810085315,16,centered_event_weighted_directional_ptdf
1321,3,C003-Z001,2,0.8445897895128286,0.01918689617981846,16,centered_event_weighted_directional_ptdf
1331,3,C003-Z001,2,0.8445897895128286,0.02024566930087578,16,centered_event_weighted_directional_ptdf
1341,3,C003-Z001,2,0.8445897895128286,0.24763102669029569,16,centered_event_weighted_directional_ptdf
1351,3,C003-Z001,2,0.8445897895128286,0.018650823689774616,16,centered_event_weighted_directional_ptdf
1361,3,C003-Z001,2,0.8445897895128286,0.0274591161761571,16,centered_event_weighted_directional_ptdf
1371,3,C003-Z001,2,0.8445897895128286,0.022669158493781975,16,centered_event_weighted_directional_ptdf
1381,3,C003-Z001,2,0.8445897895128286,0.035828259078873,16,centered_event_weighted_directional_ptdf
1392,3,C003-Z001,2,0.8445897895128286,0.010663958574346577,16,centered_event_weighted_directional_ptdf
1401,3,C003-Z001,2,0.8445897895128286,0.04966980216062207,16,centered_event_weighted_directional_ptdf
1411,3,C003-Z001,2,0.8445897895128286,0.03436286386008654,16,centered_event_weighted_directional_ptdf
1421,3,C003-Z001,2,0.8445897895128286,0.03220831780151473,16,centered_event_weighted_directional_ptdf
1431,3,C003-Z001,2,0.8445897895128286,0.016524089198340516,16,centered_event_weighted_directional_ptdf
1441,3,C003-Z001,2,0.8445897895128286,0.03819514392210233,16,centered_event_weighted_directional_ptdf
1451,3,C003-Z001,2,0.8445897895128286,0.02266915849378196,16,centered_event_weighted_directional_ptdf
1461,3,C003-Z001,2,0.8445897895128286,0.03254440510855977,16,centered_event_weighted_directional_ptdf
1471,3,C003-Z001,2,0.8445897895128286,0.02539194059846209,16,centered_event_weighted_directional_ptdf
1472,3,C003-Z001,2,0.8445897895128286,0.025391940598462205,16,centered_event_weighted_directional_ptdf
1474,3,C003-Z001,2,0.8445897895128286,0.027062399818767843,16,centered_event_weighted_directional_ptdf
1481,3,C003-Z001,2,0.8445897895128286,0.03179411841071719,16,centered_event_weighted_directional_ptdf
1491,3,C003-Z001,2,0.8445897895128286,0.02154933791424295,16,centered_event_weighted_directional_ptdf
1501,3,C003-Z001,2,0.8445897895128286,0.03819514392209717,16,centered_event_weighted_directional_ptdf
1511,3,C003-Z001,2,0.8445897895128286,0.06110248272989324,16,centered_event_weighted_directional_ptdf
1521,3,C003-Z001,2,0.8445897895128286,0.017123355238477394,16,centered_event_weighted_directional_ptdf
1522,3,C003-Z001,2,0.8445897895128286,0.025201248377137612,16,centered_event_weighted_directional_ptdf
1531,3,C003-Z001,2,0.8445897895128286,0.035196232865257714,16,centered_event_weighted_directional_ptdf
1541,3,C003-Z001,2,0.8445897895128286,0.06976570706440602,16,centered_event_weighted_directional_ptdf
1551,3,C003-Z001,2,0.8445897895128286,0.04139107231047059,16,centered_event_weighted_directional_ptdf
1561,3,C003-Z001,2,0.8445897895128286,0.03436286386008589,16,centered_event_weighted_directional_ptdf
1571,3,C003-Z001,2,0.8445897895128286,0.2840257211948093,16,centered_event_weighted_directional_ptdf
1581,3,C003-Z001,2,0.8445897895128286,0.033111139149983405,16,centered_event_weighted_directional_ptdf
1591,3,C003-Z001,2,0.8445897895128286,0.015675416496061856,16,centered_event_weighted_directional_ptdf
1601,3,C003-Z001,2,0.8445897895128286,0.04139396344000058,16,centered_event_weighted_directional_ptdf
1602,3,C003-Z001,2,0.8445897895128286,0.04329753868402591,16,centered_event_weighted_directional_ptdf
1611,3,C003-Z001,2,0.8445897895128286,0.045644173781052885,16,centered_event_weighted_directional_ptdf
1621,3,C003-Z001,2,0.8445897895128286,0.038086958353150506,16,centered_event_weighted_directional_ptdf
1631,3,C003-Z001,2,0.8445897895128286,0.07774380955127713,16,centered_event_weighted_directional_ptdf
1641,3,C003-Z001,2,0.8445897895128286,0.014269513129528589,16,centered_event_weighted_directional_ptdf
1642,3,C003-Z001,2,0.8445897895128286,0.01246677249051969,16,centered_event_weighted_directional_ptdf
1651,3,C003-Z001,2,0.8445897895128286,0.05467486735279922,16,centered_event_weighted_directional_ptdf
1661,3,C003-Z001,2,0.8445897895128286,0.030339383539850367,16,centered_event_weighted_directional_ptdf
1671,3,C003-Z001,2,0.8445897895128286,0.01709730538224749,16,centered_event_weighted_directional_ptdf
1681,3,C003-Z001,2,0.8445897895128286,0.04049687557323143,16,centered_event_weighted_directional_ptdf
1691,3,C003-Z001,2,0.8445897895128286,0.06827520878746245,16,centered_event_weighted_directional_ptdf
1701,3,C003-Z001,2,0.8445897895128286,0.19521975711615933,16,centered_event_weighted_directional_ptdf
1711,3,C003-Z001,2,0.8445897895128286,0.02533406790075206,16,centered_event_weighted_directional_ptdf
1721,3,C003-Z001,2,0.8445897895128286,0.027198966156982012,16,centered_event_weighted_directional_ptdf
1731,3,C003-Z001,2,0.8445897895128286,0.025334067900753383,16,centered_event_weighted_directional_ptdf
1741,3,C003-Z001,2,0.8445897895128286,0.06827520878746002,16,centered_event_weighted_directional_ptdf
1742,3,C003-Z001,2,0.8445897895128286,0.06827520878745838,16,centered_event_weighted_directional_ptdf
1751,3,C003-Z001,2,0.8445897895128286,0.04744111001035657,16,centered_event_weighted_directional_ptdf
1761,3,C003-Z001,2,0.8445897895128286,0.19521975711614534,16,centered_event_weighted_directional_ptdf
1781,3,C003-Z001,2,0.8445897895128286,0.0481205180365768,16,centered_event_weighted_directional_ptdf
1791,3,C003-Z001,2,0.8445897895128286,0.01667958369804615,16,centered_event_weighted_directional_ptdf
1801,3,C003-Z001,2,0.8445897895128286,0.06427055220045538,16,centered_event_weighted_directional_ptdf
1810,3,C003-Z001,2,0.8445897895128286,0.025391940598462302,16,centered_event_weighted_directional_ptdf
1811,3,C003-Z001,2,0.8445897895128286,0.02886975886614112,16,centered_event_weighted_directional_ptdf
1821,3,C003-Z001,2,0.8445897895128286,0.0172154536830314,16,centered_event_weighted_directional_ptdf
1831,3,C003-Z001,2,0.8445897895128286,0.20875054321590886,16,centered_event_weighted_directional_ptdf
1841,3,C003-Z001,2,0.8445897895128286,0.06127549534294534,16,centered_event_weighted_directional_ptdf
1851,3,C003-Z001,2,0.8445897895128286,0.06827520878745799,16,centered_event_weighted_directional_ptdf
1861,3,C003-Z001,2,0.8445897895128286,0.044811572165258357,16,centered_event_weighted_directional_ptdf
1871,3,C003-Z001,2,0.8445897895128286,0.02266915849378174,16,centered_event_weighted_directional_ptdf
1881,3,C003-Z001,2,0.8445897895128286,0.03705233618782065,16,centered_event_weighted_directional_ptdf
1901,3,C003-Z001,2,0.8445897895128286,0.017574268773341617,16,centered_event_weighted_directional_ptdf
1911,3,C003-Z001,2,0.8445897895128286,0.010439207518219303,16,centered_event_weighted_directional_ptdf
1921,3,C003-Z001,2,0.8445897895128286,0.035593768187694504,16,centered_event_weighted_directional_ptdf
1931,3,C003-Z001,2,0.8445897895128286,0.07297491527064434,16,centered_event_weighted_directional_ptdf
1941,3,C003-Z001,2,0.8445897895128286,0.017097305382247525,16,centered_event_weighted_directional_ptdf
1951,3,C003-Z001,2,0.8445897895128286,0.030339383539801732,16,centered_event_weighted_directional_ptdf
1961,3,C003-Z001,2,0.8445897895128286,0.03519383458719755,16,centered_event_weighted_directional_ptdf
1971,3,C003-Z001,2,0.8445897895128286,0.04744111001036216,16,centered_event_weighted_directional_ptdf
1981,3,C003-Z001,2,0.8445897895128286,0.05099262024535184,16,centered_event_weighted_directional_ptdf
1991,3,C003-Z001,2,0.8445897895128286,0.062413724525500446,16,centered_event_weighted_directional_ptdf
2001,3,C003-Z001,2,0.8445897895128286,0.03079772582195961,16,centered_event_weighted_directional_ptdf
2002,3,C003-Z001,2,0.8445897895128286,0.03233940941522696,16,centered_event_weighted_directional_ptdf
2011,3,C003-Z001,2,0.8445897895128286,0.01747088711898101,16,centered_event_weighted_directional_ptdf
2021,3,C003-Z001,2,0.8445897895128286,0.034362863860090666,16,centered_event_weighted_directional_ptdf
2041,3,C003-Z001,2,0.8445897895128286,0.02266915849378206,16,centered_event_weighted_directional_ptdf
2042,3,C003-Z001,2,0.8445897895128286,0.025236633273586558,16,centered_event_weighted_directional_ptdf
2052,3,C003-Z001,2,0.8445897895128286,0.025234439371925852,16,centered_event_weighted_directional_ptdf
2061,3,C003-Z001,2,0.8445897895128286,0.036461977761711596,16,centered_event_weighted_directional_ptdf
2072,3,C003-Z001,2,0.8445897895128286,0.02523663327358637,16,centered_event_weighted_directional_ptdf
2090,3,C003-Z001,2,0.8445897895128286,0.04304055780070538,16,centered_event_weighted_directional_ptdf
2091,3,C003-Z001,2,0.8445897895128286,0.20875054321582504,16,centered_event_weighted_directional_ptdf
2101,3,C003-Z001,2,0.8445897895128286,0.020460278523805338,16,centered_event_weighted_directional_ptdf
2111,3,C003-Z001,2,0.8445897895128286,0.04304055780070519,16,centered_event_weighted_directional_ptdf
2121,3,C003-Z001,2,0.8445897895128286,0.034601556479010906,16,centered_event_weighted_directional_ptdf
2131,3,C003-Z001,2,0.8445897895128286,0.061102482729915246,16,centered_event_weighted_directional_ptdf
2141,3,C003-Z001,2,0.8445897895128286,0.029690982416177653,16,centered_event_weighted_directional_ptdf
2151,3,C003-Z001,2,0.8445897895128286,0.05553688768638198,16,centered_event_weighted_directional_ptdf
2161,3,C003-Z001,2,0.8445897895128286,0.02683352645783756,16,centered_event_weighted_directional_ptdf
2171,3,C003-Z001,2,0.8445897895128286,0.20875054321583658,16,centered_event_weighted_directional_ptdf
2181,3,C003-Z001,2,0.8445897895128286,0.021163519902108675,16,centered_event_weighted_directional_ptdf
2191,3,C003-Z001,2,0.8445897895128286,0.021205830085529516,16,centered_event_weighted_directional_ptdf
2202,3,C003-Z001,2,0.8445897895128286,0.02309783551001294,16,centered_event_weighted_directional_ptdf
2204,3,C003-Z001,2,0.8445897895128286,0.028792321975787207,16,centered_event_weighted_directional_ptdf
2211,3,C003-Z001,2,0.8445897895128286,0.05025780956447682,16,centered_event_weighted_directional_ptdf
2212,3,C003-Z001,2,0.8445897895128286,0.02879232197579398,16,centered_event_weighted_directional_ptdf
2221,3,C003-Z001,2,0.8445897895128286,0.03994372333182447,16,centered_event_weighted_directional_ptdf
2225,3,C003-Z001,2,0.8445897895128286,0.03994275991050955,16,centered_event_weighted_directional_ptdf
2231,3,C003-Z001,2,0.8445897895128286,0.021672291167415283,16,centered_event_weighted_directional_ptdf
2241,3,C003-Z001,2,0.8445897895128286,0.005549824544156889,16,centered_event_weighted_directional_ptdf
2251,3,C003-Z001,2,0.8445897895128286,0.0253340679007522,16,centered_event_weighted_directional_ptdf
2261,3,C003-Z001,2,0.8445897895128286,0.017470887118981034,16,centered_event_weighted_directional_ptdf
2271,3,C003-Z001,2,0.8445897895128286,0.009482867155157787,16,centered_event_weighted_directional_ptdf
2281,3,C003-Z001,2,0.8445897895128286,0.024281426729067884,16,centered_event_weighted_directional_ptdf
2301,3,C003-Z001,2,0.8445897895128286,0.018512370142020593,16,centered_event_weighted_directional_ptdf
2312,3,C003-Z001,2,0.8445897895128286,0.02697358668233209,16,centered_event_weighted_directional_ptdf
2321,3,C003-Z001,2,0.8445897895128286,0.33339835512293947,16,centered_event_weighted_directional_ptdf
2331,3,C003-Z001,2,0.8445897895128286,0.2087505432158251,16,centered_event_weighted_directional_ptdf
2341,3,C003-Z001,2,0.8445897895128286,0.03716788681892436,16,centered_event_weighted_directional_ptdf
2351,3,C003-Z001,2,0.8445897895128286,0.06165595088786535,16,centered_event_weighted_directional_ptdf
2361,3,C003-Z001,2,0.8445897895128286,0.03220142270209998,16,centered_event_weighted_directional_ptdf
2391,3,C003-Z001,2,0.8445897895128286,0.02417341500111327,16,centered_event_weighted_directional_ptdf
2401,3,C003-Z001,2,0.8445897895128286,0.017123355238481044,16,centered_event_weighted_directional_ptdf
2421,3,C003-Z001,2,0.8445897895128286,0.028869758866140998,16,centered_event_weighted_directional_ptdf
2441,3,C003-Z001,2,0.8445897895128286,0.021268052505527525,16,centered_event_weighted_directional_ptdf
2481,3,C003-Z001,2,0.8445897895128286,0.06427055220044685,16,centered_event_weighted_directional_ptdf
2491,3,C003-Z001,2,0.8445897895128286,0.06427055220046307,16,centered_event_weighted_directional_ptdf
2521,3,C003-Z001,2,0.8445897895128286,0.04383703820470327,16,centered_event_weighted_directional_ptdf
2522,3,C003-Z001,2,0.8445897895128286,0.030562555538709263,16,centered_event_weighted_directional_ptdf
2541,3,C003-Z001,2,0.8445897895128286,0.03220831780151693,16,centered_event_weighted_directional_ptdf
2551,3,C003-Z001,2,0.8445897895128286,0.03436286386008971,16,centered_event_weighted_directional_ptdf
2561,3,C003-Z001,2,0.8445897895128286,0.025334074797137698,16,centered_event_weighted_directional_ptdf
2562,3,C003-Z001,2,0.8445897895128286,0.02533227787449153,16,centered_event_weighted_directional_ptdf
2563,3,C003-Z001,2,0.8445897895128286,0.02533583801793179,16,centered_event_weighted_directional_ptdf
2571,3,C003-Z001,2,0.8445897895128286,0.025334067900751617,16,centered_event_weighted_directional_ptdf
2581,3,C003-Z001,2,0.8445897895128286,0.022669158493781084,16,centered_event_weighted_directional_ptdf
2591,3,C003-Z001,2,0.8445897895128286,0.034362863860090645,16,centered_event_weighted_directional_ptdf
2601,3,C003-Z001,2,0.8445897895128286,0.058246989463960785,16,centered_event_weighted_directional_ptdf
2641,3,C003-Z001,2,0.8445897895128286,0.050257809564486215,16,centered_event_weighted_directional_ptdf
2651,3,C003-Z001,2,0.8445897895128286,0.0168197518625316,16,centered_event_weighted_directional_ptdf
2661,3,C003-Z001,2,0.8445897895128286,0.07774380955121903,16,centered_event_weighted_directional_ptdf
2671,3,C003-Z001,2,0.8445897895128286,0.07774380955121925,16,centered_event_weighted_directional_ptdf
2681,3,C003-Z001,2,0.8445897895128286,0.043837038204743,16,centered_event_weighted_directional_ptdf
2691,3,C003-Z001,2,0.8445897895128286,0.021118014080141315,16,centered_event_weighted_directional_ptdf
2701,3,C003-Z001,2,0.8445897895128286,0.025334067900766075,16,centered_event_weighted_directional_ptdf
2712,3,C003-Z001,2,0.8445897895128286,0.06247255583558457,16,centered_event_weighted_directional_ptdf
2721,3,C003-Z001,2,0.8445897895128286,0.021560445551809266,16,centered_event_weighted_directional_ptdf
2731,3,C003-Z001,2,0.8445897895128286,0.047441110010362365,16,centered_event_weighted_directional_ptdf
2741,3,C003-Z001,2,0.8445897895128286,0.03403406783300779,16,centered_event_weighted_directional_ptdf
2742,3,C003-Z001,2,0.8445897895128286,0.03638579406833134,16,centered_event_weighted_directional_ptdf
2761,3,C003-Z001,2,0.8445897895128286,0.025334067900752242,16,centered_event_weighted_directional_ptdf
2771,3,C003-Z001,2,0.8445897895128286,0.04744111001035844,16,centered_event_weighted_directional_ptdf
2781,3,C003-Z001,2,0.8445897895128286,0.04304055780070269,16,centered_event_weighted_directional_ptdf
2791,3,C003-Z001,2,0.8445897895128286,0.022251723314246553,16,centered_event_weighted_directional_ptdf
2801,3,C003-Z001,2,0.8445897895128286,0.261487218614078,16,centered_event_weighted_directional_ptdf
2821,3,C003-Z001,2,0.8445897895128286,0.04488917126024506,16,centered_event_weighted_directional_ptdf
2841,3,C003-Z001,2,0.8445897895128286,0.02081121672252519,16,centered_event_weighted_directional_ptdf
2842,3,C003-Z001,2,0.8445897895128286,0.023116384547347088,16,centered_event_weighted_directional_ptdf
2852,3,C003-Z001,2,0.8445897895128286,0.03564677007410516,16,centered_event_weighted_directional_ptdf
2861,3,C003-Z001,2,0.8445897895128286,0.034362863860085364,16,centered_event_weighted_directional_ptdf
2870,3,C003-Z001,2,0.8445897895128286,0.26141642839306883,16,centered_event_weighted_directional_ptdf
2871,3,C003-Z001,2,0.8445897895128286,0.26148721861399127,16,centered_event_weighted_directional_ptdf
2881,3,C003-Z001,2,0.8445897895128286,0.037052336187845876,16,centered_event_weighted_directional_ptdf
2892,3,C003-Z001,2,0.8445897895128286,0.06282078864790176,16,centered_event_weighted_directional_ptdf
2921,3,C003-Z001,2,0.8445897895128286,0.016829790652765842,16,centered_event_weighted_directional_ptdf
2931,3,C003-Z001,2,0.8445897895128286,0.020556086751782682,16,centered_event_weighted_directional_ptdf
2941,3,C003-Z001,2,0.8445897895128286,0.032208317801517124,16,centered_event_weighted_directional_ptdf
2951,3,C003-Z001,2,0.8445897895128286,0.03436286386008977,16,centered_event_weighted_directional_ptdf
2962,3,C003-Z001,2,0.8445897895128286,0.025304733402051718,16,centered_event_weighted_directional_ptdf
2972,3,C003-Z001,2,0.8445897895128286,0.025304733402051704,16,centered_event_weighted_directional_ptdf
3061,3,C003-Z001,2,0.8445897895128286,0.03845969143513711,16,centered_event_weighted_directional_ptdf
3081,3,C003-Z001,2,0.8445897895128286,0.03436286386008895,16,centered_event_weighted_directional_ptdf
3082,3,C003-Z001,2,0.8445897895128286,0.03452097298795828,16,centered_event_weighted_directional_ptdf
3091,3,C003-Z001,2,0.8445897895128286,0.034362863860084886,16,centered_event_weighted_directional_ptdf
3101,3,C003-Z001,2,0.8445897895128286,0.01658454469795062,16,centered_event_weighted_directional_ptdf
3111,3,C003-Z001,2,0.8445897895128286,0.03500494184800902,16,centered_event_weighted_directional_ptdf
3122,3,C003-Z001,2,0.8445897895128286,0.08956263236318045,16,centered_event_weighted_directional_ptdf
3181,3,C003-Z001,2,0.8445897895128286,0.08019028642191595,16,centered_event_weighted_directional_ptdf
3190,3,C003-Z001,2,0.8445897895128286,0.05540657537613614,16,centered_event_weighted_directional_ptdf
3191,3,C003-Z001,2,0.8445897895128286,0.06110248272990397,16,centered_event_weighted_directional_ptdf
3192,3,C003-Z001,2,0.8445897895128286,0.06110248272989797,16,centered_event_weighted_directional_ptdf
3201,3,C003-Z001,2,0.8445897895128286,0.03500494184800863,16,centered_event_weighted_directional_ptdf
3202,3,C003-Z001,2,0.8445897895128286,0.03556168673029198,16,centered_event_weighted_directional_ptdf
3203,3,C003-Z001,2,0.8445897895128286,0.0355408287211518,16,centered_event_weighted_directional_ptdf
3204,3,C003-Z001,2,0.8445897895128286,0.035561686730282364,16,centered_event_weighted_directional_ptdf
3209,3,C003-Z001,2,0.8445897895128286,0.035003985788081775,16,centered_event_weighted_directional_ptdf
3221,3,C003-Z001,2,0.8445897895128286,0.03631734781376543,16,centered_event_weighted_directional_ptdf
3231,3,C003-Z001,2,0.8445897895128286,0.028869758866140904,16,centered_event_weighted_directional_ptdf
3241,3,C003-Z001,2,0.8445897895128286,0.019930290580659468,16,centered_event_weighted_directional_ptdf
3251,3,C003-Z001,2,0.8445897895128286,0.05393679075513371,16,centered_event_weighted_directional_ptdf
3261,3,C003-Z001,2,0.8445897895128286,0.01832280195785232,16,centered_event_weighted_directional_ptdf
3271,3,C003-Z001,2,0.8445897895128286,0.028869758866140953,16,centered_event_weighted_directional_ptdf
3281,3,C003-Z001,2,0.8445897895128286,0.037896482257783165,16,centered_event_weighted_directional_ptdf
3282,3,C003-Z001,2,0.8445897895128286,0.03810454186482627,16,centered_event_weighted_directional_ptdf
3301,3,C003-Z001,2,0.8445897895128286,0.04868348342500468,16,centered_event_weighted_directional_ptdf
3311,3,C003-Z001,2,0.8445897895128286,0.017470887118981104,16,centered_event_weighted_directional_ptdf
3321,3,C003-Z001,2,0.8445897895128286,0.02055037723796098,16,centered_event_weighted_directional_ptdf
3330,3,C003-Z001,2,0.8445897895128286,0.05115375281008268,16,centered_event_weighted_directional_ptdf
3331,3,C003-Z001,2,0.8445897895128286,0.05115375281008263,16,centered_event_weighted_directional_ptdf
3332,3,C003-Z001,2,0.8445897895128286,0.05115375281007085,16,centered_event_weighted_directional_ptdf
3341,3,C003-Z001,2,0.8445897895128286,0.01776327708851563,16,centered_event_weighted_directional_ptdf
3342,3,C003-Z001,2,0.8445897895128286,0.019252633244872783,16,centered_event_weighted_directional_ptdf
3352,3,C003-Z001,2,0.8445897895128286,0.024068034942818794,16,centered_event_weighted_directional_ptdf
3361,3,C003-Z001,2,0.8445897895128286,0.01747493753350101,16,centered_event_weighted_directional_ptdf
3381,3,C003-Z001,2,0.8445897895128286,0.016447878756895615,16,centered_event_weighted_directional_ptdf
3391,3,C003-Z001,2,0.8445897895128286,0.051153752810080645,16,centered_event_weighted_directional_ptdf
3401,3,C003-Z001,2,0.8445897895128286,0.03208602893385375,16,centered_event_weighted_directional_ptdf
3421,3,C003-Z001,2,0.8445897895128286,0.025334067900752637,16,centered_event_weighted_directional_ptdf
3431,3,C003-Z001,2,0.8445897895128286,0.028869758866141106,16,centered_event_weighted_directional_ptdf
3441,3,C003-Z001,2,0.8445897895128286,0.024832303670698563,16,centered_event_weighted_directional_ptdf
3461,3,C003-Z001,2,0.8445897895128286,0.05623190777592521,16,centered_event_weighted_directional_ptdf
3462,3,C003-Z001,2,0.8445897895128286,0.06282078864790183,16,centered_event_weighted_directional_ptdf
3464,3,C003-Z001,2,0.8445897895128286,0.0429621832632389,16,centered_event_weighted_directional_ptdf
3471,3,C003-Z001,2,0.8445897895128286,0.028869758866141113,16,centered_event_weighted_directional_ptdf
3472,3,C003-Z001,2,0.8445897895128286,0.028869758866148777,16,centered_event_weighted_directional_ptdf
3481,3,C003-Z001,2,0.8445897895128286,0.05623190777592525,16,centered_event_weighted_directional_ptdf
3491,3,C003-Z001,2,0.8445897895128286,0.019762738257145085,16,centered_event_weighted_directional_ptdf
3501,3,C003-Z001,2,0.8445897895128286,0.020615768981442843,16,centered_event_weighted_directional_ptdf
3511,3,C003-Z001,2,0.8445897895128286,0.014172898060924984,16,centered_event_weighted_directional_ptdf
3521,3,C003-Z001,2,0.8445897895128286,0.01993432768579981,16,centered_event_weighted_directional_ptdf
3522,3,C003-Z001,2,0.8445897895128286,0.024098967886315565,16,centered_event_weighted_directional_ptdf
3531,3,C003-Z001,2,0.8445897895128286,0.035107547490601854,16,centered_event_weighted_directional_ptdf
3541,3,C003-Z001,2,0.8445897895128286,0.03951275259015007,16,centered_event_weighted_directional_ptdf
3550,3,C003-Z001,2,0.8445897895128286,0.031109827680545227,16,centered_event_weighted_directional_ptdf
3551,3,C003-Z001,2,0.8445897895128286,0.018200178440829433,16,centered_event_weighted_directional_ptdf
3554,3,C003-Z001,2,0.8445897895128286,0.03110982768053924,16,centered_event_weighted_directional_ptdf
3561,3,C003-Z001,2,0.8445897895128286,0.017731478840773356,16,centered_event_weighted_directional_ptdf
3571,3,C003-Z001,2,0.8445897895128286,0.0035902986384630754,16,centered_event_weighted_directional_ptdf
3581,3,C003-Z001,2,0.8445897895128286,0.3552324465661279,16,centered_event_weighted_directional_ptdf
3591,3,C003-Z001,2,0.8445897895128286,0.3360417732481635,16,centered_event_weighted_directional_ptdf
3601,3,C003-Z001,2,0.8445897895128286,0.036305181492501025,16,centered_event_weighted_directional_ptdf
3611,3,C003-Z001,2,0.8445897895128286,0.03630518149250106,16,centered_event_weighted_directional_ptdf
3621,3,C003-Z001,2,0.8445897895128286,0.13681013617148866,16,centered_event_weighted_directional_ptdf
3631,3,C003-Z001,2,0.8445897895128286,0.03789648225775586,16,centered_event_weighted_directional_ptdf
3641,3,C003-Z001,2,0.8445897895128286,0.062413724525501695,16,centered_event_weighted_directional_ptdf
3642,3,C003-Z001,2,0.8445897895128286,0.06537003938442155,16,centered_event_weighted_directional_ptdf
3651,3,C003-Z001,2,0.8445897895128286,0.028869758866140963,16,centered_event_weighted_directional_ptdf
3662,3,C003-Z001,2,0.8445897895128286,0.3042131927385516,16,centered_event_weighted_directional_ptdf
3681,3,C003-Z001,2,0.8445897895128286,0.028869758866141123,16,centered_event_weighted_directional_ptdf
3691,3,C003-Z001,2,0.8445897895128286,0.05003919289701561,16,centered_event_weighted_directional_ptdf
3751,3,C003-Z001,2,0.8445897895128286,0.03220831780151693,16,centered_event_weighted_directional_ptdf
3761,3,C003-Z001,2,0.8445897895128286,0.02266915849378136,16,centered_event_weighted_directional_ptdf
3781,3,C003-Z001,2,0.8445897895128286,0.03925283631687221,16,centered_event_weighted_directional_ptdf
3801,3,C003-Z001,2,0.8445897895128286,0.0351487498068136,16,centered_event_weighted_directional_ptdf
3821,3,C003-Z001,2,0.8445897895128286,0.020862792636879304,16,centered_event_weighted_directional_ptdf
3841,3,C003-Z001,2,0.8445897895128286,0.021560445551807517,16,centered_event_weighted_directional_ptdf
3842,3,C003-Z001,2,0.8445897895128286,0.023223400733877072,16,centered_event_weighted_directional_ptdf
3851,3,C003-Z001,2,0.8445897895128286,0.021622053671586053,16,centered_event_weighted_directional_ptdf
3852,3,C003-Z001,2,0.8445897895128286,0.023916776058368693,16,centered_event_weighted_directional_ptdf
3861,3,C003-Z001,2,0.8445897895128286,0.032208317801516236,16,centered_event_weighted_directional_ptdf
3871,3,C003-Z001,2,0.8445897895128286,0.03436286386008774,16,centered_event_weighted_directional_ptdf
3881,3,C003-Z001,2,0.8445897895128286,0.04081779542069175,16,centered_event_weighted_directional_ptdf
3891,3,C003-Z001,2,0.8445897895128286,0.039943723331820696,16,centered_event_weighted_directional_ptdf
3901,3,C003-Z001,2,0.8445897895128286,0.041357287992087016,16,centered_event_weighted_directional_ptdf
3911,3,C003-Z001,2,0.8445897895128286,0.02539194059846209,16,centered_event_weighted_directional_ptdf
3921,3,C003-Z001,2,0.8445897895128286,0.025391940598462007,16,centered_event_weighted_directional_ptdf
3934,3,C003-Z001,2,0.8445897895128286,0.041816124373665,16,centered_event_weighted_directional_ptdf
3940,3,C003-Z001,2,0.8445897895128286,0.06001707090946262,16,centered_event_weighted_directional_ptdf
3941,3,C003-Z001,2,0.8445897895128286,0.05215042189015144,16,centered_event_weighted_directional_ptdf
3942,3,C003-Z001,2,0.8445897895128286,0.05986896099696038,16,centered_event_weighted_directional_ptdf
3944,3,C003-Z001,2,0.8445897895128286,0.04141770495559749,16,centered_event_weighted_directional_ptdf
3954,3,C003-Z001,2,0.8445897895128286,0.04112265618522301,16,centered_event_weighted_directional_ptdf
3961,3,C003-Z001,2,0.8445897895128286,0.036305181492501754,16,centered_event_weighted_directional_ptdf
3981,3,C003-Z001,2,0.8445897895128286,0.041357287992085455,16,centered_event_weighted_directional_ptdf
3991,3,C003-Z001,2,0.8445897895128286,0.04135728799208684,16,centered_event_weighted_directional_ptdf
4001,3,C003-Z001,2,0.8445897895128286,0.014172898060913338,16,centered_event_weighted_directional_ptdf
4012,3,C003-Z001,2,0.8445897895128286,0.025304733402051714,16,centered_event_weighted_directional_ptdf
4021,3,C003-Z001,2,0.8445897895128286,0.0366934812391288,16,centered_event_weighted_directional_ptdf
4041,3,C003-Z001,2,0.8445897895128286,0.05208551126815774,16,centered_event_weighted_directional_ptdf
4061,3,C003-Z001,2,0.8445897895128286,0.020259801486221272,16,centered_event_weighted_directional_ptdf
4071,3,C003-Z001,2,0.8445897895128286,0.33339835512298344,16,centered_event_weighted_directional_ptdf
4081,3,C003-Z001,2,0.8445897895128286,0.019286836127164867,16,centered_event_weighted_directional_ptdf
4091,3,C003-Z001,2,0.8445897895128286,0.261416428393048,16,centered_event_weighted_directional_ptdf
4101,3,C003-Z001,2,0.8445897895128286,0.025391940598462164,16,centered_event_weighted_directional_ptdf
4111,3,C003-Z001,2,0.8445897895128286,0.06427055220045237,16,centered_event_weighted_directional_ptdf
4121,3,C003-Z001,2,0.8445897895128286,0.018091292431888614,16,centered_event_weighted_directional_ptdf
4201,3,C003-Z001,2,0.8445897895128286,0.01830494051899276,16,centered_event_weighted_directional_ptdf
4211,3,C003-Z001,2,0.8445897895128286,0.03220831780151648,16,centered_event_weighted_directional_ptdf
4221,3,C003-Z001,2,0.8445897895128286,0.020550377237965316,16,centered_event_weighted_directional_ptdf
4242,3,C003-Z001,2,0.8445897895128286,0.025452313511134986,16,centered_event_weighted_directional_ptdf
4261,3,C003-Z001,2,0.8445897895128286,0.03789648225774502,16,centered_event_weighted_directional_ptdf
4281,3,C003-Z001,2,0.8445897895128286,0.034362863860085094,16,centered_event_weighted_directional_ptdf
4321,3,C003-Z001,2,0.8445897895128286,0.0782410965253332,16,centered_event_weighted_directional_ptdf
4341,3,C003-Z001,2,0.8445897895128286,0.035593768187695454,16,centered_event_weighted_directional_ptdf
4351,3,C003-Z001,2,0.8445897895128286,0.035593768187695406,16,centered_event_weighted_directional_ptdf
4361,3,C003-Z001,2,0.8445897895128286,0.05216295431185754,16,centered_event_weighted_directional_ptdf
4371,3,C003-Z001,2,0.8445897895128286,0.059917384655355954,16,centered_event_weighted_directional_ptdf
4382,3,C003-Z001,2,0.8445897895128286,0.012784359673759906,16,centered_event_weighted_directional_ptdf
4384,3,C003-Z001,2,0.8445897895128286,0.026986339345342638,16,centered_event_weighted_directional_ptdf
4391,3,C003-Z001,2,0.8445897895128286,0.01703371572181525,16,centered_event_weighted_directional_ptdf
4401,3,C003-Z001,2,0.8445897895128286,0.025334067900751926,16,centered_event_weighted_directional_ptdf
4441,3,C003-Z001,2,0.8445897895128286,0.017574268773334716,16,centered_event_weighted_directional_ptdf
4451,3,C003-Z001,2,0.8445897895128286,0.08019028642191589,16,centered_event_weighted_directional_ptdf
4461,3,C003-Z001,2,0.8445897895128286,0.032208317801517686,16,centered_event_weighted_directional_ptdf
4462,3,C003-Z001,2,0.8445897895128286,0.025501948753700758,16,centered_event_weighted_directional_ptdf
4471,3,C003-Z001,2,0.8445897895128286,0.032208317801517575,16,centered_event_weighted_directional_ptdf
4472,3,C003-Z001,2,0.8445897895128286,0.03220831780152725,16,centered_event_weighted_directional_ptdf
4481,3,C003-Z001,2,0.8445897895128286,0.015679390157624214,16,centered_event_weighted_directional_ptdf
4491,3,C003-Z001,2,0.8445897895128286,0.028153316216204344,16,centered_event_weighted_directional_ptdf
4501,3,C003-Z001,2,0.8445897895128286,0.021249603741653734,16,centered_event_weighted_directional_ptdf
4511,3,C003-Z001,2,0.8445897895128286,0.0682752087874582,16,centered_event_weighted_directional_ptdf
4522,3,C003-Z001,2,0.8445897895128286,0.058398703323230196,16,centered_event_weighted_directional_ptdf
4621,3,C003-Z001,2,0.8445897895128286,0.022048093996091478,16,centered_event_weighted_directional_ptdf
4651,3,C003-Z001,2,0.8445897895128286,0.0322083178015168,16,centered_event_weighted_directional_ptdf
4662,3,C003-Z001,2,0.8445897895128286,0.026973586682331883,16,centered_event_weighted_directional_ptdf
4664,3,C003-Z001,2,0.8445897895128286,0.026973586682331404,16,centered_event_weighted_directional_ptdf
4671,3,C003-Z001,2,0.8445897895128286,0.02061576898141887,16,centered_event_weighted_directional_ptdf
4681,3,C003-Z001,2,0.8445897895128286,0.04741623238128483,16,centered_event_weighted_directional_ptdf
4691,3,C003-Z001,2,0.8445897895128286,0.02120583008553074,16,centered_event_weighted_directional_ptdf
4701,3,C003-Z001,2,0.8445897895128286,0.020626700498146563,16,centered_event_weighted_directional_ptdf
4711,3,C003-Z001,2,0.8445897895128286,0.02062672093138945,16,centered_event_weighted_directional_ptdf
4721,3,C003-Z001,2,0.8445897895128286,0.03582825907887852,16,centered_event_weighted_directional_ptdf
4722,3,C003-Z001,2,0.8445897895128286,0.03567120572759148,16,centered_event_weighted_directional_ptdf
4741,3,C003-Z001,2,0.8445897895128286,0.02104983358870257,16,centered_event_weighted_directional_ptdf
4761,3,C003-Z001,2,0.8445897895128286,0.036461977761712325,16,centered_event_weighted_directional_ptdf
4781,3,C003-Z001,2,0.8445897895128286,0.019635828394823772,16,centered_event_weighted_directional_ptdf
4791,3,C003-Z001,2,0.8445897895128286,0.02967727301724161,16,centered_event_weighted_directional_ptdf
4901,3,C003-Z001,2,0.8445897895128286,0.08019028642191574,16,centered_event_weighted_directional_ptdf
4922,3,C003-Z001,2,0.8445897895128286,0.02549875520892123,16,centered_event_weighted_directional_ptdf
4941,3,C003-Z001,2,0.8445897895128286,0.009482867155157674,16,centered_event_weighted_directional_ptdf
4942,3,C003-Z001,2,0.8445897895128286,0.012173551644295792,16,centered_event_weighted_directional_ptdf
4943,3,C003-Z001,2,0.8445897895128286,0.012147501701914833,16,centered_event_weighted_directional_ptdf
4951,3,C003-Z001,2,0.8445897895128286,0.2087505432157355,16,centered_event_weighted_directional_ptdf
4961,3,C003-Z001,2,0.8445897895128286,0.02288207761367944,16,centered_event_weighted_directional_ptdf
4971,3,C003-Z001,2,0.8445897895128286,0.013823240964945985,16,centered_event_weighted_directional_ptdf
4981,3,C003-Z001,2,0.8445897895128286,0.083800232183915,16,centered_event_weighted_directional_ptdf
4991,3,C003-Z001,2,0.8445897895128286,0.355232446566088,16,centered_event_weighted_directional_ptdf
5001,3,C003-Z001,2,0.8445897895128286,0.010247228049617071,16,centered_event_weighted_directional_ptdf
5022,3,C003-Z001,2,0.8445897895128286,0.02549556950353404,16,centered_event_weighted_directional_ptdf
5031,3,C003-Z001,2,0.8445897895128286,0.02533406790075764,16,centered_event_weighted_directional_ptdf
5041,3,C003-Z001,2,0.8445897895128286,0.09098489625663694,16,centered_event_weighted_directional_ptdf
5042,3,C003-Z001,2,0.8445897895128286,0.056027862371693715,16,centered_event_weighted_directional_ptdf
5051,3,C003-Z001,2,0.8445897895128286,0.04812051803657644,16,centered_event_weighted_directional_ptdf
5061,3,C003-Z001,2,0.8445897895128286,0.0175742687733381,16,centered_event_weighted_directional_ptdf
5071,3,C003-Z001,2,0.8445897895128286,0.04812051803657618,16,centered_event_weighted_directional_ptdf
5081,3,C003-Z001,2,0.8445897895128286,0.004559375103974013,16,centered_event_weighted_directional_ptdf
5091,3,C003-Z001,2,0.8445897895128286,0.037578133652963204,16,centered_event_weighted_directional_ptdf
5111,3,C003-Z001,2,0.8445897895128286,0.0226691584937819,16,centered_event_weighted_directional_ptdf
5122,3,C003-Z001,2,0.8445897895128286,0.08956263236318093,16,centered_event_weighted_directional_ptdf
5131,3,C003-Z001,2,0.8445897895128286,0.06827520878746092,16,centered_event_weighted_directional_ptdf
5140,3,C003-Z001,2,0.8445897895128286,0.06198644846181399,16,centered_event_weighted_directional_ptdf
5141,3,C003-Z001,2,0.8445897895128286,0.06198644846181047,16,centered_event_weighted_directional_ptdf
5142,3,C003-Z001,2,0.8445897895128286,0.061986448461814,16,centered_event_weighted_directional_ptdf
5172,3,C003-Z001,2,0.8445897895128286,0.008718746814731141,16,centered_event_weighted_directional_ptdf
5181,3,C003-Z001,2,0.8445897895128286,0.03629956437213638,16,centered_event_weighted_directional_ptdf
5191,3,C003-Z001,2,0.8445897895128286,0.2840257211950403,16,centered_event_weighted_directional_ptdf
5202,3,C003-Z001,2,0.8445897895128286,0.02225666871768973,16,centered_event_weighted_directional_ptdf
5211,3,C003-Z001,2,0.8445897895128286,0.019778339735942715,16,centered_event_weighted_directional_ptdf
5221,3,C003-Z001,2,0.8445897895128286,0.049241808160645315,16,centered_event_weighted_directional_ptdf
5222,3,C003-Z001,2,0.8445897895128286,0.0895626323631808,16,centered_event_weighted_directional_ptdf
5231,3,C003-Z001,2,0.8445897895128286,0.032208317801517096,16,centered_event_weighted_directional_ptdf
5241,3,C003-Z001,2,0.8445897895128286,0.05208551126814782,16,centered_event_weighted_directional_ptdf
5251,3,C003-Z001,2,0.8445897895128286,0.05208551126814198,16,centered_event_weighted_directional_ptdf
5261,3,C003-Z001,2,0.8445897895128286,0.05518622510936176,16,centered_event_weighted_directional_ptdf
5271,3,C003-Z001,2,0.8445897895128286,0.03203307643270362,16,centered_event_weighted_directional_ptdf
5274,3,C003-Z001,2,0.8445897895128286,0.03202747141711813,16,centered_event_weighted_directional_ptdf
5281,3,C003-Z001,2,0.8445897895128286,0.05393679075513343,16,centered_event_weighted_directional_ptdf
5291,3,C003-Z001,2,0.8445897895128286,0.06597662378118314,16,centered_event_weighted_directional_ptdf
5301,3,C003-Z001,2,0.8445897895128286,0.02066551330179014,16,centered_event_weighted_directional_ptdf
5321,3,C003-Z001,2,0.8445897895128286,0.017237510012642166,16,centered_event_weighted_directional_ptdf
5331,3,C003-Z001,2,0.8445897895128286,0.03436286386008508,16,centered_event_weighted_directional_ptdf
5341,3,C003-Z001,2,0.8445897895128286,0.04866262117837563,16,centered_event_weighted_directional_ptdf
5351,3,C003-Z001,2,0.8445897895128286,0.01644250255418495,16,centered_event_weighted_directional_ptdf
5361,3,C003-Z001,2,0.8445897895128286,0.3552324465660926,16,centered_event_weighted_directional_ptdf
5381,3,C003-Z001,2,0.8445897895128286,0.029766639832889415,16,centered_event_weighted_directional_ptdf
5441,3,C003-Z001,2,0.8445897895128286,0.0321902638133743,16,centered_event_weighted_directional_ptdf
5451,3,C003-Z001,2,0.8445897895128286,0.04310186719747511,16,centered_event_weighted_directional_ptdf
5462,3,C003-Z001,2,0.8445897895128286,0.025175656728686966,16,centered_event_weighted_directional_ptdf
5464,3,C003-Z001,2,0.8445897895128286,0.027207418191137693,16,centered_event_weighted_directional_ptdf
5481,3,C003-Z001,2,0.8445897895128286,0.035441685826269574,16,centered_event_weighted_directional_ptdf
5501,3,C003-Z001,2,0.8445897895128286,0.0502578095644629,16,centered_event_weighted_directional_ptdf
5521,3,C003-Z001,2,0.8445897895128286,0.037740699662194385,16,centered_event_weighted_directional_ptdf
6201,3,C003-Z001,2,0.8445897895128286,0.04744111001036105,16,centered_event_weighted_directional_ptdf
6371,3,C003-Z001,2,0.8445897895128286,0.032208317801516846,16,centered_event_weighted_directional_ptdf
6931,3,C003-Z001,2,0.8445897895128286,0.030060805014413557,16,centered_event_weighted_directional_ptdf
10210,3,C003-Z001,2,0.8445897895128286,0.03717024609280321,16,centered_event_weighted_directional_ptdf
10261,3,C003-Z001,2,0.8445897895128286,0.03716788681895026,16,centered_event_weighted_directional_ptdf
10422,3,C003-Z001,2,0.8445897895128286,0.03563912820343099,16,centered_event_weighted_directional_ptdf
10619,3,C003-Z001,2,0.8445897895128286,0.06428720783636309,16,centered_event_weighted_directional_ptdf
11260,3,C003-Z001,2,0.8445897895128286,0.2486740089818284,16,centered_event_weighted_directional_ptdf
11261,3,C003-Z001,2,0.8445897895128286,0.24867400898182923,16,centered_event_weighted_directional_ptdf
11310,3,C003-Z001,2,0.8445897895128286,0.0611024827299138,16,centered_event_weighted_directional_ptdf
11461,3,C003-Z001,2,0.8445897895128286,0.010439207518219897,16,centered_event_weighted_directional_ptdf
12111,3,C003-Z001,2,0.8445897895128286,0.047441110010357786,16,centered_event_weighted_directional_ptdf
13219,3,C003-Z001,2,0.8445897895128286,0.019186896179817985,16,centered_event_weighted_directional_ptdf
13810,3,C003-Z001,2,0.8445897895128286,0.03646197776171214,16,centered_event_weighted_directional_ptdf
14010,3,C003-Z001,2,0.8445897895128286,0.049669802160621855,16,centered_event_weighted_directional_ptdf
14013,3,C003-Z001,2,0.8445897895128286,0.04966980216063128,16,centered_event_weighted_directional_ptdf
14016,3,C003-Z001,2,0.8445897895128286,0.049669802160562646,16,centered_event_weighted_directional_ptdf
14461,3,C003-Z001,2,0.8445897895128286,0.03819514392210228,16,centered_event_weighted_directional_ptdf
14619,3,C003-Z001,2,0.8445897895128286,0.03254440510856043,16,centered_event_weighted_directional_ptdf
14720,3,C003-Z001,2,0.8445897895128286,0.025391940598461425,16,centered_event_weighted_directional_ptdf
15010,3,C003-Z001,2,0.8445897895128286,0.038195143922101556,16,centered_event_weighted_directional_ptdf
15220,3,C003-Z001,2,0.8445897895128286,0.02520124837713753,16,centered_event_weighted_directional_ptdf
16011,3,C003-Z001,2,0.8445897895128286,0.04139107231046653,16,centered_event_weighted_directional_ptdf
16110,3,C003-Z001,2,0.8445897895128286,0.047441110010358965,16,centered_event_weighted_directional_ptdf
16410,3,C003-Z001,2,0.8445897895128286,0.01426951312952785,16,centered_event_weighted_directional_ptdf
16411,3,C003-Z001,2,0.8445897895128286,0.014268085172752862,16,centered_event_weighted_directional_ptdf
16461,3,C003-Z001,2,0.8445897895128286,0.014269513129528559,16,centered_event_weighted_directional_ptdf
16661,3,C003-Z001,2,0.8445897895128286,0.030339383539850422,16,centered_event_weighted_directional_ptdf
16662,3,C003-Z001,2,0.8445897895128286,0.030339383539851942,16,centered_event_weighted_directional_ptdf
17010,3,C003-Z001,2,0.8445897895128286,0.19522937951693825,16,centered_event_weighted_directional_ptdf
17061,3,C003-Z001,2,0.8445897895128286,0.19521975711615955,16,centered_event_weighted_directional_ptdf
17261,3,C003-Z001,2,0.8445897895128286,0.02719896615698209,16,centered_event_weighted_directional_ptdf
17411,3,C003-Z001,2,0.8445897895128286,0.06427055220045236,16,centered_event_weighted_directional_ptdf
17420,3,C003-Z001,2,0.8445897895128286,0.06827520878745816,16,centered_event_weighted_directional_ptdf
17431,3,C003-Z001,2,0.8445897895128286,0.028371219712219887,16,centered_event_weighted_directional_ptdf
17462,3,C003-Z001,2,0.8445897895128286,0.06827520878745831,16,centered_event_weighted_directional_ptdf
17810,3,C003-Z001,2,0.8445897895128286,0.048120518036576396,16,centered_event_weighted_directional_ptdf
18010,3,C003-Z001,2,0.8445897895128286,0.03436286386009049,16,centered_event_weighted_directional_ptdf
18810,3,C003-Z001,2,0.8445897895128286,0.037052336187819314,16,centered_event_weighted_directional_ptdf
20411,3,C003-Z001,2,0.8445897895128286,0.022669158493782014,16,centered_event_weighted_directional_ptdf
20416,3,C003-Z001,2,0.8445897895128286,0.025236633273577645,16,centered_event_weighted_directional_ptdf
20900,3,C003-Z001,2,0.8445897895128286,0.20875054321582462,16,centered_event_weighted_directional_ptdf
21210,3,C003-Z001,2,0.8445897895128286,0.03376015023176941,16,centered_event_weighted_directional_ptdf
21261,3,C003-Z001,2,0.8445897895128286,0.034601556479010885,16,centered_event_weighted_directional_ptdf
21661,3,C003-Z001,2,0.8445897895128286,0.026833526457837768,16,centered_event_weighted_directional_ptdf
22044,3,C003-Z001,2,0.8445897895128286,0.0238301859844666,16,centered_event_weighted_directional_ptdf
22261,3,C003-Z001,2,0.8445897895128286,0.03994372333182447,16,centered_event_weighted_directional_ptdf
22419,3,C003-Z001,2,0.8445897895128286,0.005549824544160424,16,centered_event_weighted_directional_ptdf
22610,3,C003-Z001,2,0.8445897895128286,0.017474937533501017,16,centered_event_weighted_directional_ptdf
22612,3,C003-Z001,2,0.8445897895128286,0.017473141546573694,16,centered_event_weighted_directional_ptdf
22613,3,C003-Z001,2,0.8445897895128286,0.01747539672707984,16,centered_event_weighted_directional_ptdf
22614,3,C003-Z001,2,0.8445897895128286,0.017474937533501007,16,centered_event_weighted_directional_ptdf
22811,3,C003-Z001,2,0.8445897895128286,0.024274979803747914,16,centered_event_weighted_directional_ptdf
22861,3,C003-Z001,2,0.8445897895128286,0.024281426729067915,16,centered_event_weighted_directional_ptdf
23019,3,C003-Z001,2,0.8445897895128286,0.018512370142020583,16,centered_event_weighted_directional_ptdf
23610,3,C003-Z001,2,0.8445897895128286,0.032201422702089005,16,centered_event_weighted_directional_ptdf
24819,3,C003-Z001,2,0.8445897895128286,0.06427055220044962,16,centered_event_weighted_directional_ptdf
25610,3,C003-Z001,2,0.8445897895128286,0.025334074797139203,16,centered_event_weighted_directional_ptdf
25674,3,C003-Z001,2,0.8445897895128286,0.025334074797137694,16,centered_event_weighted_directional_ptdf
27219,3,C003-Z001,2,0.8445897895128286,0.0215604455518088,16,centered_event_weighted_directional_ptdf
27281,3,C003-Z001,2,0.8445897895128286,0.02156044555180707,16,centered_event_weighted_directional_ptdf
27460,3,C003-Z001,2,0.8445897895128286,0.03638579406833758,16,centered_event_weighted_directional_ptdf
28019,3,C003-Z001,2,0.8445897895128286,0.26205354143704346,16,centered_event_weighted_directional_ptdf
28261,3,C003-Z001,2,0.8445897895128286,0.044889171260245324,16,centered_event_weighted_directional_ptdf
28411,3,C003-Z001,2,0.8445897895128286,0.02081121672252515,16,centered_event_weighted_directional_ptdf
28710,3,C003-Z001,2,0.8445897895128286,0.2614996505773122,16,centered_event_weighted_directional_ptdf
28712,3,C003-Z001,2,0.8445897895128286,0.26142056718061507,16,centered_event_weighted_directional_ptdf
28810,3,C003-Z001,2,0.8445897895128286,0.05115375281008249,16,centered_event_weighted_directional_ptdf
30820,3,C003-Z001,2,0.8445897895128286,0.034205275370535776,16,centered_event_weighted_directional_ptdf
31019,3,C003-Z001,2,0.8445897895128286,0.016584544697950447,16,centered_event_weighted_directional_ptdf
31911,3,C003-Z001,2,0.8445897895128286,0.06110248272990404,16,centered_event_weighted_directional_ptdf
31920,3,C003-Z001,2,0.8445897895128286,0.06110248272989796,16,centered_event_weighted_directional_ptdf
32060,3,C003-Z001,2,0.8445897895128286,0.035561686730294605,16,centered_event_weighted_directional_ptdf
32210,3,C003-Z001,2,0.8445897895128286,0.03639232178579964,16,centered_event_weighted_directional_ptdf
32461,3,C003-Z001,2,0.8445897895128286,0.01993029058065939,16,centered_event_weighted_directional_ptdf
32661,3,C003-Z001,2,0.8445897895128286,0.01832280195785255,16,centered_event_weighted_directional_ptdf
32810,3,C003-Z001,2,0.8445897895128286,0.03789422649666898,16,centered_event_weighted_directional_ptdf
33410,3,C003-Z001,2,0.8445897895128286,0.0177632770885126,16,centered_event_weighted_directional_ptdf
34620,3,C003-Z001,2,0.8445897895128286,0.06276713523887893,16,centered_event_weighted_directional_ptdf
35011,3,C003-Z001,2,0.8445897895128286,0.02063550739880914,16,centered_event_weighted_directional_ptdf
35211,3,C003-Z001,2,0.8445897895128286,0.02094480708828891,16,centered_event_weighted_directional_ptdf
35231,3,C003-Z001,2,0.8445897895128286,0.028854307035530876,16,centered_event_weighted_directional_ptdf
35232,3,C003-Z001,2,0.8445897895128286,0.028856859668554027,16,centered_event_weighted_directional_ptdf
35261,3,C003-Z001,2,0.8445897895128286,0.01993432768579979,16,centered_event_weighted_directional_ptdf
35611,3,C003-Z001,2,0.8445897895128286,0.01773147884077342,16,centered_event_weighted_directional_ptdf
35661,3,C003-Z001,2,0.8445897895128286,0.017731478840773224,16,centered_event_weighted_directional_ptdf
35861,3,C003-Z001,2,0.8445897895128286,0.3552324465661278,16,centered_event_weighted_directional_ptdf
35862,3,C003-Z001,2,0.8445897895128286,0.35523244656614533,16,centered_event_weighted_directional_ptdf
36210,3,C003-Z001,2,0.8445897895128286,0.13681013617148874,16,centered_event_weighted_directional_ptdf
36411,3,C003-Z001,2,0.8445897895128286,0.06241372452550165,16,centered_event_weighted_directional_ptdf
36671,3,C003-Z002,2,0.8445897895128286,0.4527233256357728,16,centered_event_weighted_directional_ptdf
39420,3,C003-Z001,2,0.8445897895128286,0.05986896099696022,16,centered_event_weighted_directional_ptdf
39444,3,C003-Z001,2,0.8445897895128286,0.06952689657034636,16,centered_event_weighted_directional_ptdf
39610,3,C003-Z001,2,0.8445897895128286,0.03630518149250175,16,centered_event_weighted_directional_ptdf
40061,3,C003-Z001,2,0.8445897895128286,0.01417289806091327,16,centered_event_weighted_directional_ptdf
40461,3,C003-Z001,2,0.8445897895128286,0.052085511268157615,16,centered_event_weighted_directional_ptdf
40462,3,C003-Z001,2,0.8445897895128286,0.05208551126815762,16,centered_event_weighted_directional_ptdf
43619,3,C003-Z001,2,0.8445897895128286,0.05216295431187648,16,centered_event_weighted_directional_ptdf
43844,3,C003-Z001,2,0.8445897895128286,0.027431292826742133,16,centered_event_weighted_directional_ptdf
44661,3,C003-Z001,2,0.8445897895128286,0.025501948753700664,16,centered_event_weighted_directional_ptdf
44662,3,C003-Z001,2,0.8445897895128286,0.032208317801527254,16,centered_event_weighted_directional_ptdf
44731,3,C003-Z001,2,0.8445897895128286,0.025501948753701976,16,centered_event_weighted_directional_ptdf
44732,3,C003-Z001,2,0.8445897895128286,0.03220831780152723,16,centered_event_weighted_directional_ptdf
44733,3,C003-Z001,2,0.8445897895128286,0.03220831780152775,16,centered_event_weighted_directional_ptdf
47210,3,C003-Z001,2,0.8445897895128286,0.036461977761711395,16,centered_event_weighted_directional_ptdf
47261,3,C003-Z001,2,0.8445897895128286,0.036461977761711395,16,centered_event_weighted_directional_ptdf
49662,3,C003-Z001,2,0.8445897895128286,0.02288207761367956,16,centered_event_weighted_directional_ptdf
49861,3,C003-Z001,2,0.8445897895128286,0.0838002321839149,16,centered_event_weighted_directional_ptdf
50019,3,C003-Z001,2,0.8445897895128286,0.010247228049616943,16,centered_event_weighted_directional_ptdf
50619,3,C003-Z001,2,0.8445897895128286,0.017574268773337856,16,centered_event_weighted_directional_ptdf
51319,3,C003-Z001,2,0.8445897895128286,0.06827520878746021,16,centered_event_weighted_directional_ptdf
51410,3,C003-Z001,2,0.8445897895128286,0.061986448461810416,16,centered_event_weighted_directional_ptdf
51911,3,C003-Z001,2,0.8445897895128286,0.26149965057729807,16,centered_event_weighted_directional_ptdf
52219,3,C003-Z001,2,0.8445897895128286,0.049241808160645814,16,centered_event_weighted_directional_ptdf
52610,3,C003-Z001,2,0.8445897895128286,0.06110248272989958,16,centered_event_weighted_directional_ptdf
52661,3,C003-Z001,2,0.8445897895128286,0.05518622510936172,16,centered_event_weighted_directional_ptdf
52861,3,C003-Z001,2,0.8445897895128286,0.053936790755133454,16,centered_event_weighted_directional_ptdf
53061,3,C003-Z001,2,0.8445897895128286,0.02066551330179003,16,centered_event_weighted_directional_ptdf
54622,3,C003-Z001,2,0.8445897895128286,0.025181317706891037,16,centered_event_weighted_directional_ptdf
54630,3,C003-Z001,2,0.8445897895128286,0.08780128510617145,16,centered_event_weighted_directional_ptdf
54640,3,C003-Z001,2,0.8445897895128286,0.02720741819113769,16,centered_event_weighted_directional_ptdf
55061,3,C003-Z001,2,0.8445897895128286,0.05025780956446292,16,centered_event_weighted_directional_ptdf
66094,3,C003-Z001,2,0.8445897895128286,0.02742004411344852,16,centered_event_weighted_directional_ptdf
66096,3,C003-Z001,2,0.8445897895128286,0.037896482257753,16,centered_event_weighted_directional_ptdf
66121,3,C003-Z001,2,0.8445897895128286,0.024219880472186636,16,centered_event_weighted_directional_ptdf
66122,3,C003-Z001,2,0.8445897895128286,0.02421988047218367,16,centered_event_weighted_directional_ptdf
66123,3,C003-Z001,2,0.8445897895128286,0.0242198804721831,16,centered_event_weighted_directional_ptdf
68090,3,C003-Z001,2,0.8445897895128286,0.030060805014416023,16,centered_event_weighted_directional_ptdf
70010,3,C003-Z001,2,0.8445897895128286,0.03215948889677976,16,centered_event_weighted_directional_ptdf
70111,3,C003-Z001,2,0.8445897895128286,0.03964106261488615,16,centered_event_weighted_directional_ptdf
70112,3,C003-Z001,2,0.8445897895128286,0.03964106261488375,16,centered_event_weighted_directional_ptdf
70311,3,C003-Z001,2,0.8445897895128286,0.0446602081058932,16,centered_event_weighted_directional_ptdf
70312,3,C003-Z001,2,0.8445897895128286,0.04466020810588935,16,centered_event_weighted_directional_ptdf
70510,3,C003-Z001,2,0.8445897895128286,0.042246987971287515,16,centered_event_weighted_directional_ptdf
70520,3,C003-Z001,2,0.8445897895128286,0.041069801888377624,16,centered_event_weighted_directional_ptdf
71011,3,C003-Z001,2,0.8445897895128286,0.04466020810588137,16,centered_event_weighted_directional_ptdf
71012,3,C003-Z001,2,0.8445897895128286,0.04466020810588128,16,centered_event_weighted_directional_ptdf
71511,3,C003-Z001,2,0.8445897895128286,0.03947946670184514,16,centered_event_weighted_directional_ptdf
71512,3,C003-Z001,2,0.8445897895128286,0.03947946670183529,16,centered_event_weighted_directional_ptdf
72010,3,C003-Z001,2,0.8445897895128286,0.043325442966188926,16,centered_event_weighted_directional_ptdf
72021,3,C003-Z001,2,0.8445897895128286,0.04332544296618886,16,centered_event_weighted_directional_ptdf
72511,3,C003-Z001,2,0.8445897895128286,0.03964106261488307,16,centered_event_weighted_directional_ptdf
72512,3,C003-Z001,2,0.8445897895128286,0.039641062614882934,16,centered_event_weighted_directional_ptdf
73011,3,C003-Z001,2,0.8445897895128286,0.03967099808770447,16,centered_event_weighted_directional_ptdf
73012,3,C003-Z001,2,0.8445897895128286,0.0396709980877045,16,centered_event_weighted_directional_ptdf
73500,3,C003-Z001,2,0.8445897895128286,0.05438505577727217,16,centered_event_weighted_directional_ptdf
73510,3,C003-Z001,2,0.8445897895128286,0.054385055777276994,16,centered_event_weighted_directional_ptdf
74011,3,C003-Z001,2,0.8445897895128286,0.04224698797128285,16,centered_event_weighted_directional_ptdf
74012,3,C003-Z001,2,0.8445897895128286,0.042246987971283165,16,centered_event_weighted_directional_ptdf
74511,3,C003-Z001,2,0.8445897895128286,0.03964117194136109,16,centered_event_weighted_directional_ptdf
74512,3,C003-Z001,2,0.8445897895128286,0.03964106261488418,16,centered_event_weighted_directional_ptdf
74520,3,C003-Z001,2,0.8445897895128286,0.03949730943484336,16,centered_event_weighted_directional_ptdf
74711,3,C003-Z001,2,0.8445897895128286,0.039668377522898125,16,centered_event_weighted_directional_ptdf
74712,3,C003-Z001,2,0.8445897895128286,0.03966837752289801,16,centered_event_weighted_directional_ptdf
75010,3,C003-Z001,2,0.8445897895128286,0.06625806230653297,16,centered_event_weighted_directional_ptdf
75012,3,C003-Z001,2,0.8445897895128286,0.06625806230653297,16,centered_event_weighted_directional_ptdf
75510,3,C003-Z001,2,0.8445897895128286,0.08054888334922487,16,centered_event_weighted_directional_ptdf
75511,3,C003-Z001,2,0.8445897895128286,0.08050370971986699,16,centered_event_weighted_directional_ptdf
75514,3,C003-Z001,2,0.8445897895128286,0.08054888334922483,16,centered_event_weighted_directional_ptdf
75520,3,C003-Z001,2,0.8445897895128286,0.05213431011369524,16,centered_event_weighted_directional_ptdf
75521,3,C003-Z001,2,0.8445897895128286,0.05201152006340852,16,centered_event_weighted_directional_ptdf
75522,3,C003-Z001,2,0.8445897895128286,0.052011520063408444,16,centered_event_weighted_directional_ptdf
75523,3,C003-Z001,2,0.8445897895128286,0.052134310113695154,16,centered_event_weighted_directional_ptdf
75610,3,C003-Z001,2,0.8445897895128286,0.08054888334921242,16,centered_event_weighted_directional_ptdf
75611,3,C003-Z001,2,0.8445897895128286,0.08054888334922429,16,centered_event_weighted_directional_ptdf
75710,3,C003-Z001,2,0.8445897895128286,0.03966837752289816,16,centered_event_weighted_directional_ptdf
75810,3,C003-Z001,2,0.8445897895128286,0.046973832291176285,16,centered_event_weighted_directional_ptdf
76011,3,C003-Z001,2,0.8445897895128286,0.039653005572927245,16,centered_event_weighted_directional_ptdf
76012,3,C003-Z001,2,0.8445897895128286,0.039653023970574304,16,centered_event_weighted_directional_ptdf
76511,3,C003-Z001,2,0.8445897895128286,0.03968485098582209,16,centered_event_weighted_directional_ptdf
76512,3,C003-Z001,2,0.8445897895128286,0.039684850985821724,16,centered_event_weighted_directional_ptdf
76513,3,C003-Z001,2,0.8445897895128286,0.039699552414028394,16,centered_event_weighted_directional_ptdf
76514,3,C003-Z001,2,0.8445897895128286,0.039699552414028526,16,centered_event_weighted_directional_ptdf
76810,3,C003-Z001,2,0.8445897895128286,0.05303389489278399,16,centered_event_weighted_directional_ptdf
77010,3,C003-Z001,2,0.8445897895128286,0.040096624101334535,16,centered_event_weighted_directional_ptdf
77210,3,C003-Z001,2,0.8445897895128286,0.05303389489274067,16,centered_event_weighted_directional_ptdf
77211,3,C003-Z001,2,0.8445897895128286,0.053033894892740026,16,centered_event_weighted_directional_ptdf
77212,3,C003-Z001,2,0.8445897895128286,0.05303389489273975,16,centered_event_weighted_directional_ptdf
77511,3,C003-Z001,2,0.8445897895128286,0.04548214266341327,16,centered_event_weighted_directional_ptdf
77512,3,C003-Z001,2,0.8445897895128286,0.04548619908146732,16,centered_event_weighted_directional_ptdf
78511,3,C003-Z001,2,0.8445897895128286,0.04224698797127203,16,centered_event_weighted_directional_ptdf
78512,3,C003-Z001,2,0.8445897895128286,0.042246987971272305,16,centered_event_weighted_directional_ptdf
79010,3,C003-Z001,2,0.8445897895128286,0.03215948889680655,16,centered_event_weighted_directional_ptdf
79015,3,C003-Z001,2,0.8445897895128286,0.022902004179436348,16,centered_event_weighted_directional_ptdf
79016,3,C003-Z001,2,0.8445897895128286,0.01719801220523824,16,centered_event_weighted_directional_ptdf
79017,3,C003-Z001,2,0.8445897895128286,0.02290200417942873,16,centered_event_weighted_directional_ptdf
79510,3,C003-Z001,2,0.8445897895128286,0.06884374254979457,16,centered_event_weighted_directional_ptdf
80011,3,C003-Z001,2,0.8445897895128286,0.039699552414033674,16,centered_event_weighted_directional_ptdf
80012,3,C003-Z001,2,0.8445897895128286,0.039699552414033557,16,centered_event_weighted_directional_ptdf
80511,3,C003-Z001,2,0.8445897895128286,0.04466020810588958,16,centered_event_weighted_directional_ptdf
80512,3,C003-Z001,2,0.8445897895128286,0.044660208105889526,16,centered_event_weighted_directional_ptdf
80710,3,C003-Z001,2,0.8445897895128286,0.056233034920961954,16,centered_event_weighted_directional_ptdf
80711,3,C003-Z001,2,0.8445897895128286,0.0562330349209619,16,centered_event_weighted_directional_ptdf
81010,3,C003-Z001,2,0.8445897895128286,0.03969955241403527,16,centered_event_weighted_directional_ptdf
81011,3,C003-Z001,2,0.8445897895128286,0.03969987058635305,16,centered_event_weighted_directional_ptdf
81020,3,C003-Z001,2,0.8445897895128286,0.03992275399799284,16,centered_event_weighted_directional_ptdf
81031,3,C003-Z001,2,0.8445897895128286,0.039699552414035263,16,centered_event_weighted_directional_ptdf
81510,3,C003-Z001,2,0.8445897895128286,0.044660208105854554,16,centered_event_weighted_directional_ptdf
81511,3,C003-Z001,2,0.8445897895128286,0.04466020810585329,16,centered_event_weighted_directional_ptdf
81512,3,C003-Z001,2,0.8445897895128286,0.04466020810588092,16,centered_event_weighted_directional_ptdf
81520,3,C003-Z001,2,0.8445897895128286,0.041494598062424705,16,centered_event_weighted_directional_ptdf
81810,3,C003-Z001,2,0.8445897895128286,0.09994043927659348,16,centered_event_weighted_directional_ptdf
82020,3,C003-Z001,2,0.8445897895128286,0.04054351956040518,16,centered_event_weighted_directional_ptdf
82511,3,C003-Z001,2,0.8445897895128286,0.039641171941360444,16,centered_event_weighted_directional_ptdf
82512,3,C003-Z001,2,0.8445897895128286,0.039641171941360596,16,centered_event_weighted_directional_ptdf
83011,3,C003-Z001,2,0.8445897895128286,0.04332544296619214,16,centered_event_weighted_directional_ptdf
83012,3,C003-Z001,2,0.8445897895128286,0.043325442966193894,16,centered_event_weighted_directional_ptdf
83510,3,C003-Z001,2,0.8445897895128286,0.07185734841634686,16,centered_event_weighted_directional_ptdf
84011,3,C003-Z001,2,0.8445897895128286,0.03965637271322155,16,centered_event_weighted_directional_ptdf
84012,3,C003-Z001,2,0.8445897895128286,0.03965465961649803,16,centered_event_weighted_directional_ptdf
84411,3,C003-Z001,2,0.8445897895128286,0.08054888334921409,16,centered_event_weighted_directional_ptdf
84412,3,C003-Z001,2,0.8445897895128286,0.08054888334921319,16,centered_event_weighted_directional_ptdf
84511,3,C003-Z001,2,0.8445897895128286,0.0662580623065409,16,centered_event_weighted_directional_ptdf
84512,3,C003-Z001,2,0.8445897895128286,0.06625806230654163,16,centered_event_weighted_directional_ptdf
85020,3,C003-Z001,2,0.8445897895128286,0.042592272713963354,16,centered_event_weighted_directional_ptdf
85510,3,C003-Z001,2,0.8445897895128286,0.0611833836944689,16,centered_event_weighted_directional_ptdf
86220,3,C003-Z001,2,0.8445897895128286,0.041062280902063694,16,centered_event_weighted_directional_ptdf
86280,3,C003-Z001,2,0.8445897895128286,0.04106228090206426,16,centered_event_weighted_directional_ptdf
86311,3,C003-Z001,2,0.8445897895128286,0.039641062614884565,16,centered_event_weighted_directional_ptdf
86312,3,C003-Z001,2,0.8445897895128286,0.039641062614885876,16,centered_event_weighted_directional_ptdf
86511,3,C003-Z001,2,0.8445897895128286,0.03947946670182917,16,centered_event_weighted_directional_ptdf
86512,3,C003-Z001,2,0.8445897895128286,0.03947946670182943,16,centered_event_weighted_directional_ptdf
87510,3,C003-Z001,2,0.8445897895128286,0.061183383694533744,16,centered_event_weighted_directional_ptdf
87900,3,C003-Z001,2,0.8445897895128286,0.054385055777272484,16,centered_event_weighted_directional_ptdf
87901,3,C003-Z001,2,0.8445897895128286,0.047632054308973236,16,centered_event_weighted_directional_ptdf
88011,3,C003-Z001,2,0.8445897895128286,0.039641062614883184,16,centered_event_weighted_directional_ptdf
88012,3,C003-Z001,2,0.8445897895128286,0.03964106261488261,16,centered_event_weighted_directional_ptdf
88511,3,C003-Z001,2,0.8445897895128286,0.039641062614883774,16,centered_event_weighted_directional_ptdf
88512,3,C003-Z001,2,0.8445897895128286,0.039641062614883774,16,centered_event_weighted_directional_ptdf
89210,3,C003-Z001,2,0.8445897895128286,0.09994043927666106,16,centered_event_weighted_directional_ptdf
89311,3,C003-Z001,2,0.8445897895128286,0.08054888334921467,16,centered_event_weighted_directional_ptdf
89312,3,C003-Z001,2,0.8445897895128286,0.08054888334921458,16,centered_event_weighted_directional_ptdf
89510,3,C003-Z001,2,0.8445897895128286,0.11486028680622577,16,centered_event_weighted_directional_ptdf
89515,3,C003-Z001,2,0.8445897895128286,0.3323970025825207,16,centered_event_weighted_directional_ptdf
89516,3,C003-Z001,2,0.8445897895128286,0.4175442321710403,16,centered_event_weighted_directional_ptdf
89517,3,C003-Z001,2,0.8445897895128286,0.3323970025825375,16,centered_event_weighted_directional_ptdf
90011,3,C003-Z001,2,0.8445897895128286,0.03948362719415935,16,centered_event_weighted_directional_ptdf
90012,3,C003-Z001,2,0.8445897895128286,0.039479466701844046,16,centered_event_weighted_directional_ptdf
90020,3,C003-Z001,2,0.8445897895128286,0.0365984691284525,16,centered_event_weighted_directional_ptdf
90210,3,C003-Z001,2,0.8445897895128286,0.05323790116295682,16,centered_event_weighted_directional_ptdf
90310,3,C003-Z001,2,0.8445897895128286,0.04468213489667888,16,centered_event_weighted_directional_ptdf
90320,3,C003-Z001,2,0.8445897895128286,0.039149605033066574,16,centered_event_weighted_directional_ptdf
90331,3,C003-Z001,2,0.8445897895128286,0.04468213489667879,16,centered_event_weighted_directional_ptdf
90420,3,C003-Z001,2,0.8445897895128286,0.03826631640561084,16,centered_event_weighted_directional_ptdf
90440,3,C003-Z001,2,0.8445897895128286,0.034297293997524216,16,centered_event_weighted_directional_ptdf
90511,3,C003-Z001,2,0.8445897895128286,0.03948362719416377,16,centered_event_weighted_directional_ptdf
90512,3,C003-Z001,2,0.8445897895128286,0.0394836271941633,16,centered_event_weighted_directional_ptdf
90710,3,C003-Z001,2,0.8445897895128286,0.03967099808770436,16,centered_event_weighted_directional_ptdf
star:1072-1041-10421-2,3,C003-Z001,2,0.8445897895128286,0.03547552433182237,16,centered_event_weighted_directional_ptdf
star:1122-1121-11221-1,3,C003-Z001,2,0.8445897895128286,0.08228139446312441,16,centered_event_weighted_directional_ptdf
star:1122-1121-11222-2,3,C003-Z001,2,0.8445897895128286,0.08228139446312378,16,centered_event_weighted_directional_ptdf
star:1212-1211-12121-1,3,C003-Z001,2,0.8445897895128286,0.047441110010358285,16,centered_event_weighted_directional_ptdf
star:1212-12111-12122-2,3,C003-Z001,2,0.8445897895128286,0.047441110010358396,16,centered_event_weighted_directional_ptdf
star:1244-1243-12402-1,3,C003-Z001,2,0.8445897895128286,0.03556168673028159,16,centered_event_weighted_directional_ptdf
star:1472-1471-14721-1,3,C003-Z001,2,0.8445897895128286,0.025391940598459423,16,centered_event_weighted_directional_ptdf
star:1472-1471-14722-2,3,C003-Z001,2,0.8445897895128286,0.025391940598464523,16,centered_event_weighted_directional_ptdf
star:1474-1472-14723-1,3,C003-Z001,2,0.8445897895128286,0.025563533130020796,16,centered_event_weighted_directional_ptdf
star:1602-1601-16022-1,3,C003-Z001,2,0.8445897895128286,0.04175913760174692,16,centered_event_weighted_directional_ptdf
star:1602-16011-16021-1,3,C003-Z001,2,0.8445897895128286,0.041756794762907716,16,centered_event_weighted_directional_ptdf
star:1642-1641-16421-1,3,C003-Z001,2,0.8445897895128286,0.013895961376842084,16,centered_event_weighted_directional_ptdf
star:1642-1641-16422-2,3,C003-Z001,2,0.8445897895128286,0.013895961376805346,16,centered_event_weighted_directional_ptdf
star:1642-16411-16424-4,3,C003-Z001,2,0.8445897895128286,0.014090377933686414,16,centered_event_weighted_directional_ptdf
star:1742-1741-17421-1,3,C003-Z001,2,0.8445897895128286,0.06827520878746027,16,centered_event_weighted_directional_ptdf
star:1742-1741-17422-2,3,C003-Z001,2,0.8445897895128286,0.0682752087874606,16,centered_event_weighted_directional_ptdf
star:1742-17411-17423-3,3,C003-Z001,2,0.8445897895128286,0.06491104850393979,16,centered_event_weighted_directional_ptdf
star:1742-17411-17424-4,3,C003-Z001,2,0.8445897895128286,0.06492709527430336,16,centered_event_weighted_directional_ptdf
star:2002-2001-20021-1,3,C003-Z001,2,0.8445897895128286,0.031095430107580802,16,centered_event_weighted_directional_ptdf
star:2042-2041-20421-1,3,C003-Z001,2,0.8445897895128286,0.023186705178850832,16,centered_event_weighted_directional_ptdf
star:2042-20416-20424-4,3,C003-Z001,2,0.8445897895128286,0.025236633273578696,16,centered_event_weighted_directional_ptdf
star:2052-2041-20422-2,3,C003-Z001,2,0.8445897895128286,0.023190659213037774,16,centered_event_weighted_directional_ptdf
star:2204-2202-22021-1,3,C003-Z001,2,0.8445897895128286,0.025096598468607494,16,centered_event_weighted_directional_ptdf
star:2204-2202-22022-2,3,C003-Z001,2,0.8445897895128286,0.025481244891263456,16,centered_event_weighted_directional_ptdf
star:2204-2212-22023-3,3,C003-Z001,2,0.8445897895128286,0.028792321975790822,16,centered_event_weighted_directional_ptdf
star:2522-2521-25221-1,3,C003-Z001,2,0.8445897895128286,0.04253435443915866,16,centered_event_weighted_directional_ptdf
star:2522-2521-25222-2,3,C003-Z001,2,0.8445897895128286,0.042584251296060235,16,centered_event_weighted_directional_ptdf
star:2562-2561-25621-1,3,C003-Z001,2,0.8445897895128286,0.025333729591480766,16,centered_event_weighted_directional_ptdf
star:2562-2571-25622-2,3,C003-Z001,2,0.8445897895128286,0.025333722428773676,16,centered_event_weighted_directional_ptdf
star:2563-2561-25624-4,3,C003-Z001,2,0.8445897895128286,0.02533442008567224,16,centered_event_weighted_directional_ptdf
star:2563-2571-25625-5,3,C003-Z001,2,0.8445897895128286,0.025334413455746836,16,centered_event_weighted_directional_ptdf
star:2742-2741-27421-1,3,C003-Z001,2,0.8445897895128286,0.0344945991119772,16,centered_event_weighted_directional_ptdf
star:2742-2741-27422-2,3,C003-Z001,2,0.8445897895128286,0.03449459911197728,16,centered_event_weighted_directional_ptdf
star:2842-2841-28421-1,3,C003-Z001,2,0.8445897895128286,0.021212105283575595,16,centered_event_weighted_directional_ptdf
star:3082-3081-30822-2,3,C003-Z001,2,0.8445897895128286,0.03439786112065526,16,centered_event_weighted_directional_ptdf
star:3082-3091-30824-4,3,C003-Z001,2,0.8445897895128286,0.03439576056526045,16,centered_event_weighted_directional_ptdf
star:3192-3191-31922-1,3,C003-Z001,2,0.8445897895128286,0.06110248272990247,16,centered_event_weighted_directional_ptdf
star:3192-31911-31927-2,3,C003-Z001,2,0.8445897895128286,0.06110248272990335,16,centered_event_weighted_directional_ptdf
star:3202-3201-32021-1,3,C003-Z001,2,0.8445897895128286,0.03511212393232086,16,centered_event_weighted_directional_ptdf
star:3203-3209-32022-2,3,C003-Z001,2,0.8445897895128286,0.035106582670063585,16,centered_event_weighted_directional_ptdf
star:3204-3202-32081-1,3,C003-Z001,2,0.8445897895128286,0.035561686730285015,16,centered_event_weighted_directional_ptdf
star:3282-3281-32823-3,3,C003-Z001,2,0.8445897895128286,0.037936512458988776,16,centered_event_weighted_directional_ptdf
star:3282-32810-32824-4,3,C003-Z001,2,0.8445897895128286,0.03793470057655824,16,centered_event_weighted_directional_ptdf
star:3332-3331-33321-1,3,C003-Z001,2,0.8445897895128286,0.0511537528100802,16,centered_event_weighted_directional_ptdf
star:3332-3331-33323-3,3,C003-Z001,2,0.8445897895128286,0.05115375281008014,16,centered_event_weighted_directional_ptdf
star:3342-3341-33421-1,3,C003-Z001,2,0.8445897895128286,0.017894468472067805,16,centered_event_weighted_directional_ptdf
star:3342-3341-33422-2,3,C003-Z001,2,0.8445897895128286,0.01789446847206252,16,centered_event_weighted_directional_ptdf
star:3462-3461-34621-1,3,C003-Z001,2,0.8445897895128286,0.05753384995842275,16,centered_event_weighted_directional_ptdf
star:3462-3461-34622-2,3,C003-Z001,2,0.8445897895128286,0.05753384995842006,16,centered_event_weighted_directional_ptdf
star:3464-3462-34641-1,3,C003-Z001,2,0.8445897895128286,0.14093361741755242,16,centered_event_weighted_directional_ptdf
star:3472-3471-34721-1,3,C003-Z001,2,0.8445897895128286,0.028869758866147628,16,centered_event_weighted_directional_ptdf
star:3472-3471-34722-2,3,C003-Z001,2,0.8445897895128286,0.028869758866138108,16,centered_event_weighted_directional_ptdf
star:3472-3471-34723-3,3,C003-Z001,2,0.8445897895128286,0.028869758866144984,16,centered_event_weighted_directional_ptdf
star:3472-3471-34724-4,3,C003-Z001,2,0.8445897895128286,0.028869758866143524,16,centered_event_weighted_directional_ptdf
star:3522-3521-35221-1,3,C003-Z001,2,0.8445897895128286,0.02022162165729752,16,centered_event_weighted_directional_ptdf
star:3522-3521-35223-3,3,C003-Z001,2,0.8445897895128286,0.020223202745518615,16,centered_event_weighted_directional_ptdf
star:3522-35211-35222-2,3,C003-Z001,2,0.8445897895128286,0.021193005840851716,16,centered_event_weighted_directional_ptdf
star:3522-35211-35224-4,3,C003-Z001,2,0.8445897895128286,0.021485143833611654,16,centered_event_weighted_directional_ptdf
star:3522-35231-35236-1,3,C003-Z001,2,0.8445897895128286,0.02675338978159709,16,centered_event_weighted_directional_ptdf
star:3522-35231-35238-3,3,C003-Z001,2,0.8445897895128286,0.02677341755404541,16,centered_event_weighted_directional_ptdf
star:3522-35232-35237-2,3,C003-Z001,2,0.8445897895128286,0.024819726050684318,16,centered_event_weighted_directional_ptdf
star:3554-3550-35542-2,3,C003-Z001,2,0.8445897895128286,0.031109827680544842,16,centered_event_weighted_directional_ptdf
star:3554-3551-35541-1,3,C003-Z001,2,0.8445897895128286,0.020347254233289223,16,centered_event_weighted_directional_ptdf
star:3642-3641-36421-1,3,C003-Z001,2,0.8445897895128286,0.0629890418968469,16,centered_event_weighted_directional_ptdf
star:3842-3851-38423-3,3,C003-Z001,2,0.8445897895128286,0.0217683628904339,16,centered_event_weighted_directional_ptdf
star:3842-3851-38424-4,3,C003-Z001,2,0.8445897895128286,0.021925919858441542,16,centered_event_weighted_directional_ptdf
star:3852-3841-38421-1,3,C003-Z001,2,0.8445897895128286,0.02177752251427895,16,centered_event_weighted_directional_ptdf
star:3852-3841-38422-2,3,C003-Z001,2,0.8445897895128286,0.022015350544765794,16,centered_event_weighted_directional_ptdf
star:3934-3942-39402-1,3,C003-Z001,2,0.8445897895128286,0.09018965385308447,16,centered_event_weighted_directional_ptdf
star:3940-3941-39423-1,3,C003-Z001,2,0.8445897895128286,0.05368559713098864,16,centered_event_weighted_directional_ptdf
star:3954-3942-39421-2,3,C003-Z001,2,0.8445897895128286,0.02312261759174372,16,centered_event_weighted_directional_ptdf
star:4384-4382-43821-1,3,C003-Z001,2,0.8445897895128286,0.019251939433647235,16,centered_event_weighted_directional_ptdf
star:4472-4461-44623-3,3,C003-Z001,2,0.8445897895128286,0.03220831780152417,16,centered_event_weighted_directional_ptdf
star:4472-4471-44624-4,3,C003-Z001,2,0.8445897895128286,0.03220831780152346,16,centered_event_weighted_directional_ptdf
star:4664-4662-46621-1,3,C003-Z001,2,0.8445897895128286,0.026973586682331806,16,centered_event_weighted_directional_ptdf
star:4664-4662-46622-2,3,C003-Z001,2,0.8445897895128286,0.026973586682331706,16,centered_event_weighted_directional_ptdf
star:4722-4721-47221-1,3,C003-Z001,2,0.8445897895128286,0.03579734095732076,16,centered_event_weighted_directional_ptdf
star:4722-47210-47222-2,3,C003-Z001,2,0.8445897895128286,0.03628258462475017,16,centered_event_weighted_directional_ptdf
star:4942-4941-49422-2,3,C003-Z001,2,0.8445897895128286,0.00965960317372627,16,centered_event_weighted_directional_ptdf
star:4943-4941-49421-1,3,C003-Z001,2,0.8445897895128286,0.009656724367116565,16,centered_event_weighted_directional_ptdf
star:5042-5041-50421-1,3,C003-Z001,2,0.8445897895128286,0.08414717823916208,16,centered_event_weighted_directional_ptdf
star:5142-51410-51422-2,3,C003-Z001,2,0.8445897895128286,0.06198644846181076,16,centered_event_weighted_directional_ptdf
star:5464-5462-54621-1,3,C003-Z001,2,0.8445897895128286,0.025838814007740286,16,centered_event_weighted_directional_ptdf
star:5464-5462-54624-4,3,C003-Z001,2,0.8445897895128286,0.025838814007740133,16,centered_event_weighted_directional_ptdf
star:5464-54622-54623-2,3,C003-Z001,2,0.8445897895128286,0.025994828856083483,16,centered_event_weighted_directional_ptdf
star:30820-3081-30821-1,3,C003-Z001,2,0.8445897895128286,0.03432789217306098,16,centered_event_weighted_directional_ptdf
star:30820-3091-30826-3,3,C003-Z001,2,0.8445897895128286,0.03432998975168132,16,centered_event_weighted_directional_ptdf
star:70510-70520-70561-1,3,C003-Z001,2,0.8445897895128286,0.042363299521011595,16,centered_event_weighted_directional_ptdf
star:70510-70520-70562-1,3,C003-Z001,2,0.8445897895128286,0.04237438235753908,16,centered_event_weighted_directional_ptdf
star:74511-74520-74562-1,3,C003-Z001,2,0.8445897895128286,0.03965482957940969,16,centered_event_weighted_directional_ptdf
star:74511-74520-74564-1,3,C003-Z001,2,0.8445897895128286,0.03966813440221456,16,centered_event_weighted_directional_ptdf
star:74512-74520-74563-1,3,C003-Z001,2,0.8445897895128286,0.03965439873822826,16,centered_event_weighted_directional_ptdf
star:75510-75520-75561-1,3,C003-Z001,2,0.8445897895128286,0.08543499369479374,16,centered_event_weighted_directional_ptdf
star:75511-75520-75562-1,3,C003-Z001,2,0.8445897895128286,0.0837443549824255,16,centered_event_weighted_directional_ptdf
star:81010-81020-81061-1,3,C003-Z001,2,0.8445897895128286,0.03966243697010363,16,centered_event_weighted_directional_ptdf
star:81010-81020-81062-1,3,C003-Z001,2,0.8445897895128286,0.0396737254223559,16,centered_event_weighted_directional_ptdf
star:81011-81020-81063-1,3,C003-Z001,2,0.8445897895128286,0.039662808004524826,16,centered_event_weighted_directional_ptdf
star:81510-81520-81561-1,3,C003-Z001,2,0.8445897895128286,0.04490306978866549,16,centered_event_weighted_directional_ptdf
star:81510-81520-81562-1,3,C003-Z001,2,0.8445897895128286,0.045023018718615276,16,centered_event_weighted_directional_ptdf
star:90011-90020-90061-1,3,C003-Z001,2,0.8445897895128286,0.03975719103799216,16,centered_event_weighted_directional_ptdf
star:90011-90020-90062-1,3,C003-Z001,2,0.8445897895128286,0.03975719103799339,16,centered_event_weighted_directional_ptdf
star:90012-90020-90063-1,3,C003-Z001,2,0.8445897895128286,0.03996005570150457,16,centered_event_weighted_directional_ptdf
star:90310-90320-90361-1,3,C003-Z001,2,0.8445897895128286,0.0453637497083137,16,centered_event_weighted_directional_ptdf
star:90310-90320-90362-1,3,C003-Z001,2,0.8445897895128286,0.04535506121966614,16,centered_event_weighted_directional_ptdf
star:90420-90440-90461-1,3,C003-Z001,2,0.8445897895128286,0.03336039453435209,16,centered_event_weighted_directional_ptdf
star:90420-90440-90462-1,3,C003-Z001,2,0.8445897895128286,0.03336039453435207,16,centered_event_weighted_directional_ptdf
star:90420-90440-90463-1,3,C003-Z001,2,0.8445897895128286,0.033360394534345736,16,centered_event_weighted_directional_ptdf
