snapshot,duration_h,project_wind_mw,battery_charge_mw,battery_discharge_mw,battery_soc_mwh,pcc_export_mw,pcc_import_mw,charge_mw__Croaghonagh,discharge_mw__Croaghonagh,soc_mwh__Croaghonagh,charge_mw__Binbane,discharge_mw__Binbane,soc_mwh__Binbane,charge_mw__Ardnagappary,discharge_mw__Ardnagappary,soc_mwh__Ardnagappary
2030-01-14 06:00:00,1.0,0.0,0.0,41.240415496153226,22.0,41.240415496153226,0.0,-0.0,15.0,7.333333333333333,-0.0,15.0,7.333333333333333,-0.0,11.240415496153224,7.333333333333336
2030-01-14 07:00:00,1.0,0.0,18.680192931029957,0.0,39.7215870380294,0.0,18.680192931029957,15.0,-0.0,21.56358280409104,1.8400964655149787,-0.0,9.079002116969177,1.8400964655149796,-0.0,9.07900211696918
2030-01-14 08:00:00,1.0,0.0,31.840096465514982,0.0,69.92775476318066,0.0,31.840096465514982,1.8400964655149779,-0.0,23.309251587726884,15.0,-0.0,23.309251587726884,15.000000000000004,-0.0,23.30925158772689
2030-01-14 09:00:00,1.0,0.0,45.0,0.0,112.61850317545378,0.0,45.0,15.0,-0.0,37.53950105848459,15.0,-0.0,37.53950105848459,15.000000000000004,-0.0,37.5395010584846
2030-01-14 10:00:00,1.0,0.0,45.0,0.0,155.30925158772692,0.0,45.0,15.0,-0.0,51.769750529242295,15.0,-0.0,51.769750529242295,15.000000000000004,-0.0,51.769750529242316
2030-01-14 11:00:00,1.0,0.0,45.0,0.0,198.00000000000003,0.0,45.0,15.0,-0.0,66.0,15.0,-0.0,66.0,15.000000000000004,-0.0,66.00000000000003
2030-01-14 12:00:00,1.0,0.0,0.0,41.45396668689576,154.30368240688847,41.45396668689576,0.0,-0.0,15.0,50.1886116991581,-0.0,11.453966686895757,53.92645900857224,-0.0,15.000000000000004,50.18861169915813
2030-01-14 13:00:00,1.0,0.0,0.0,5.431879425953327,148.57797875308165,5.431879425953327,0.0,-0.0,-0.0,50.1886116991581,-0.0,5.431879425953327,48.20075535476542,-0.0,-0.0,50.18861169915813
2030-01-14 14:00:00,1.0,0.0,0.0,45.0,101.14381385055594,45.0,0.0,-0.0,15.0,34.377223398316204,-0.0,15.0,32.38936705392352,-0.0,15.000000000000004,34.377223398316225
2030-01-14 15:00:00,1.0,0.0,45.0,0.0,143.83456226282908,0.0,45.0,15.0,-0.0,48.60747286907391,15.0,-0.0,46.61961652468123,15.000000000000004,-0.0,48.60747286907394
2030-01-14 16:00:00,1.0,0.0,0.0,12.051965410901378,131.13067526949058,12.051965410901378,0.0,-0.0,7.6560868189634705,40.53724876510132,-0.0,-0.0,46.61961652468123,-0.0,4.395878591937908,43.973809979708044
2030-01-14 17:00:00,1.0,0.0,34.966167852066704,0.0,164.30249470757707,0.0,34.966167852066704,15.0,-0.0,54.76749823585902,8.58862143765068,-0.0,54.76749823585902,11.377546414416026,-0.0,54.76749823585904
2030-01-14 18:00:00,1.0,0.0,0.0,45.0,116.86832980505139,45.0,0.0,-0.0,15.0,38.956109935017125,-0.0,15.0,38.956109935017125,-0.0,15.000000000000004,38.95610993501714
2030-01-14 19:00:00,1.0,0.0,0.0,0.0,116.86832980505139,0.0,0.0,-0.0,-0.0,38.956109935017125,-0.0,-0.0,38.956109935017125,-0.0,-0.0,38.95610993501714
2030-01-14 20:00:00,1.0,0.0,0.0,0.0,116.86832980505139,0.0,0.0,-0.0,-0.0,38.956109935017125,-0.0,-0.0,38.956109935017125,-0.0,-0.0,38.95610993501714
2030-01-14 21:00:00,1.0,0.0,0.0,45.0,69.4341649025257,45.0,0.0,-0.0,15.0,23.14472163417523,-0.0,15.0,23.14472163417523,-0.0,15.000000000000004,23.144721634175237
2030-01-14 22:00:00,1.0,0.0,0.0,45.0,22.0,45.0,0.0,-0.0,15.0,7.333333333333333,-0.0,15.0,7.333333333333333,-0.0,15.000000000000004,7.333333333333336
2030-01-14 23:00:00,1.0,0.0,0.0,0.0,22.0,0.0,0.0,-0.0,-0.0,7.333333333333333,-0.0,-0.0,7.333333333333333,-0.0,-0.0,7.333333333333336
2030-01-15 00:00:00,1.0,0.0,5.465675192769292,0.0,27.185194767949255,0.0,5.465675192769292,1.8400964655149779,-0.0,9.079002116969177,-0.0,-0.0,7.333333333333333,3.6255787272543145,-0.0,10.772859317646743
2030-01-15 01:00:00,1.0,0.0,15.0,0.0,41.41544423870696,0.0,15.0,15.0,-0.0,23.309251587726884,-0.0,-0.0,7.333333333333334,-0.0,-0.0,10.772859317646743
2030-01-15 02:00:00,1.0,0.0,11.952007664961304,0.0,52.75411428862742,0.0,11.952007664961304,-0.0,-0.0,23.309251587726884,1.8400964655149779,-0.0,9.079002116969177,10.111911199446325,-0.0,20.365860583931358
2030-01-15 03:00:00,1.0,0.0,45.0,0.0,95.44486270090054,0.0,45.0,15.0,-0.0,37.53950105848459,15.0,-0.0,23.309251587726884,15.000000000000004,-0.0,34.59611005468907
2030-01-15 04:00:00,1.0,0.0,45.0,0.0,138.13561111317367,0.0,45.0,15.0,-0.0,51.769750529242295,15.0,-0.0,37.53950105848459,15.000000000000004,-0.0,48.82635952544678
2030-01-15 05:00:00,1.0,0.0,45.0,0.0,180.82635952544678,0.0,45.0,15.0,-0.0,66.0,15.0,-0.0,51.769750529242295,15.000000000000004,-0.0,63.056608996204496
2030-01-15 06:00:00,1.0,0.0,18.1026065388144,0.0,198.00000000000003,0.0,18.1026065388144,-0.0,-0.0,66.0,15.0,-0.0,66.0,3.102606538814399,-0.0,66.00000000000003
2030-01-15 07:00:00,1.0,0.0,0.0,14.546746950114226,182.66638236384378,14.546746950114226,0.0,-0.0,14.546746950114226,50.66638236384376,-0.0,-0.0,66.0,-0.0,-0.0,66.00000000000003
2030-01-15 08:00:00,1.0,0.0,1.1630521667935878,0.0,183.76975052924232,0.0,1.1630521667935878,1.1630521667935878,-0.0,51.769750529242295,-0.0,-0.0,66.0,-0.0,-0.0,66.00000000000003
2030-01-15 09:00:00,1.0,0.0,15.0,0.0,198.00000000000003,0.0,15.0,15.0,-0.0,66.0,-0.0,-0.0,66.0,-0.0,-0.0,66.00000000000003
2030-01-15 10:00:00,1.0,0.0,0.0,0.0,198.00000000000003,0.0,0.0,-0.0,-0.0,66.0,-0.0,-0.0,66.0,-0.0,-0.0,66.00000000000003
2030-01-15 11:00:00,1.0,0.0,0.0,0.0,198.00000000000003,0.0,0.0,-0.0,-0.0,66.0,-0.0,-0.0,66.0,-0.0,-0.0,66.00000000000003
2030-01-15 12:00:00,1.0,0.0,0.0,0.0,198.00000000000003,0.0,0.0,-0.0,-0.0,66.0,-0.0,-0.0,66.0,-0.0,-0.0,66.00000000000003
2030-01-15 13:00:00,1.0,0.0,0.0,0.0,198.00000000000003,0.0,0.0,-0.0,-0.0,66.0,-0.0,-0.0,66.0,-0.0,-0.0,66.00000000000003
2030-01-15 14:00:00,1.0,0.0,0.0,0.0,198.00000000000003,0.0,0.0,-0.0,-0.0,66.0,-0.0,-0.0,66.0,-0.0,-0.0,66.00000000000003
2030-01-15 15:00:00,1.0,0.0,0.0,45.0,150.56583509747435,45.0,0.0,-0.0,15.0,50.1886116991581,-0.0,15.0,50.1886116991581,-0.0,15.000000000000004,50.18861169915813
2030-01-15 16:00:00,1.0,0.0,0.0,0.0,150.56583509747435,0.0,0.0,-0.0,-0.0,50.1886116991581,-0.0,-0.0,50.1886116991581,-0.0,-0.0,50.18861169915813
2030-01-15 17:00:00,1.0,0.0,0.0,0.0,150.56583509747435,0.0,0.0,-0.0,-0.0,50.1886116991581,-0.0,-0.0,50.1886116991581,-0.0,-0.0,50.18861169915813
2030-01-15 18:00:00,1.0,0.0,0.0,0.0,150.56583509747435,0.0,0.0,-0.0,-0.0,50.1886116991581,-0.0,-0.0,50.1886116991581,-0.0,-0.0,50.18861169915813
2030-01-15 19:00:00,1.0,0.0,0.0,0.0,150.56583509747435,0.0,0.0,-0.0,-0.0,50.1886116991581,-0.0,-0.0,50.1886116991581,-0.0,-0.0,50.18861169915813
2030-01-15 20:00:00,1.0,0.0,0.0,0.0,150.56583509747435,0.0,0.0,-0.0,-0.0,50.1886116991581,-0.0,-0.0,50.1886116991581,-0.0,-0.0,50.18861169915813
2030-01-15 21:00:00,1.0,0.0,0.0,0.0,150.56583509747435,0.0,0.0,-0.0,-0.0,50.1886116991581,-0.0,-0.0,50.1886116991581,-0.0,-0.0,50.18861169915813
2030-01-15 22:00:00,1.0,0.0,0.0,0.0,150.56583509747435,0.0,0.0,-0.0,-0.0,50.1886116991581,-0.0,-0.0,50.1886116991581,-0.0,-0.0,50.18861169915813
2030-01-15 23:00:00,1.0,0.0,0.0,31.96826045689044,116.86832980505139,31.96826045689044,0.0,-0.0,10.656086818963477,38.956109935017125,-0.0,10.656086818963477,38.956109935017125,-0.0,10.65608681896349,38.95610993501714
2030-01-16 00:00:00,1.0,0.0,0.0,0.0,116.86832980505139,0.0,0.0,-0.0,-0.0,38.956109935017125,-0.0,-0.0,38.956109935017125,-0.0,-0.0,38.95610993501714
2030-01-16 01:00:00,1.0,0.0,0.0,45.0,69.4341649025257,45.0,0.0,-0.0,15.0,23.14472163417523,-0.0,15.0,23.14472163417523,-0.0,15.000000000000004,23.144721634175237
2030-01-16 02:00:00,1.0,0.0,0.0,0.0,69.4341649025257,0.0,0.0,-0.0,-0.0,23.14472163417523,-0.0,-0.0,23.14472163417523,-0.0,-0.0,23.144721634175237
2030-01-16 03:00:00,1.0,0.0,0.0,0.0,69.4341649025257,0.0,0.0,-0.0,-0.0,23.14472163417523,-0.0,-0.0,23.14472163417523,-0.0,-0.0,23.144721634175237
2030-01-16 04:00:00,1.0,0.0,0.0,0.0,69.4341649025257,0.0,0.0,-0.0,-0.0,23.14472163417523,-0.0,-0.0,23.14472163417523,-0.0,-0.0,23.144721634175237
2030-01-16 05:00:00,1.0,0.0,0.0,0.0,69.4341649025257,0.0,0.0,-0.0,-0.0,23.14472163417523,-0.0,-0.0,23.14472163417523,-0.0,-0.0,23.144721634175237
2030-01-16 06:00:00,1.0,0.0,0.0,0.0,69.4341649025257,0.0,0.0,-0.0,-0.0,23.14472163417523,-0.0,-0.0,23.14472163417523,-0.0,-0.0,23.144721634175237
2030-01-16 07:00:00,1.0,0.0,0.0,0.0,69.4341649025257,0.0,0.0,-0.0,-0.0,23.14472163417523,-0.0,-0.0,23.14472163417523,-0.0,-0.0,23.144721634175237
2030-01-16 08:00:00,1.0,0.0,0.0,0.0,69.4341649025257,0.0,0.0,-0.0,-0.0,23.14472163417523,-0.0,-0.0,23.14472163417523,-0.0,-0.0,23.144721634175237
2030-01-16 09:00:00,1.0,0.0,0.0,0.0,69.4341649025257,0.0,0.0,-0.0,-0.0,23.14472163417523,-0.0,-0.0,23.14472163417523,-0.0,-0.0,23.144721634175237
2030-01-16 10:00:00,1.0,0.0,0.0,45.0,22.0,45.0,0.0,-0.0,15.0,7.333333333333333,-0.0,15.0,7.333333333333333,-0.0,15.000000000000004,7.333333333333336
2030-01-16 11:00:00,1.0,0.0,0.0,0.0,22.0,0.0,0.0,-0.0,-0.0,7.333333333333333,-0.0,-0.0,7.333333333333333,-0.0,-0.0,7.333333333333336
2030-01-16 12:00:00,1.0,0.0,0.0,0.0,22.0,0.0,0.0,-0.0,-0.0,7.333333333333333,-0.0,-0.0,7.333333333333333,-0.0,-0.0,7.333333333333336
2030-01-16 13:00:00,1.0,0.0,0.0,0.0,22.0,0.0,0.0,-0.0,-0.0,7.333333333333333,-0.0,-0.0,7.333333333333333,-0.0,-0.0,7.333333333333336
2030-01-16 14:00:00,1.0,0.0,0.0,0.0,22.0,0.0,0.0,-0.0,-0.0,7.333333333333333,-0.0,-0.0,7.333333333333333,-0.0,-0.0,7.333333333333336
2030-01-16 15:00:00,1.0,0.0,0.0,0.0,22.000000000000007,0.0,0.0,-0.0,-0.0,7.333333333333334,-0.0,-0.0,7.333333333333334,-0.0,-0.0,7.3333333333333375
2030-01-16 16:00:00,1.0,0.0,0.0,0.0,22.000000000000007,0.0,0.0,-0.0,-0.0,7.333333333333334,-0.0,-0.0,7.333333333333334,-0.0,-0.0,7.3333333333333375
2030-01-16 17:00:00,1.0,0.0,45.0,0.0,64.69074841227314,0.0,45.0,15.0,-0.0,21.56358280409104,15.0,-0.0,21.56358280409104,15.000000000000004,-0.0,21.563582804091048
2030-01-16 18:00:00,1.0,0.0,0.0,0.0,64.69074841227314,0.0,0.0,-0.0,-0.0,21.56358280409104,-0.0,-0.0,21.56358280409104,-0.0,-0.0,21.563582804091048
2030-01-16 19:00:00,1.0,0.0,0.0,0.0,64.69074841227314,0.0,0.0,-0.0,-0.0,21.56358280409104,-0.0,-0.0,21.56358280409104,-0.0,-0.0,21.563582804091048
2030-01-16 20:00:00,1.0,0.0,0.0,0.0,64.69074841227314,0.0,0.0,-0.0,-0.0,21.56358280409104,-0.0,-0.0,21.56358280409104,-0.0,-0.0,21.563582804091048
2030-01-16 21:00:00,1.0,0.0,0.0,0.0,64.69074841227314,0.0,0.0,-0.0,-0.0,21.56358280409104,-0.0,-0.0,21.56358280409104,-0.0,-0.0,21.563582804091048
2030-01-16 22:00:00,1.0,0.0,0.0,0.0,64.69074841227314,0.0,0.0,-0.0,-0.0,21.56358280409104,-0.0,-0.0,21.56358280409104,-0.0,-0.0,21.563582804091048
2030-01-16 23:00:00,1.0,0.0,0.0,0.0,64.69074841227314,0.0,0.0,-0.0,-0.0,21.56358280409104,-0.0,-0.0,21.56358280409104,-0.0,-0.0,21.563582804091048
2030-01-17 00:00:00,1.0,0.0,0.0,0.0,64.69074841227314,0.0,0.0,-0.0,-0.0,21.56358280409104,-0.0,-0.0,21.56358280409104,-0.0,-0.0,21.563582804091048
2030-01-17 01:00:00,1.0,0.0,0.0,0.0,64.69074841227314,0.0,0.0,-0.0,-0.0,21.56358280409104,-0.0,-0.0,21.56358280409104,-0.0,-0.0,21.563582804091048
2030-01-17 02:00:00,1.0,0.0,14.568908840041141,0.0,78.51202889964064,0.0,14.568908840041141,12.902242173374475,-0.0,33.803724461374365,-0.0,-0.0,21.56358280409104,1.666666666666666,-0.0,23.144721634175237
2030-01-17 03:00:00,1.0,0.0,3.306287499514756,0.0,81.6486486289835,0.0,3.306287499514756,1.63962083284809,-0.0,35.35920536063303,1.666666666666666,-0.0,23.14472163417523,-0.0,-0.0,23.144721634175237
2030-01-17 04:00:00,1.0,0.0,0.0,0.0,81.6486486289835,0.0,0.0,-0.0,-0.0,35.35920536063303,-0.0,-0.0,23.14472163417523,-0.0,-0.0,23.144721634175237
2030-01-17 05:00:00,1.0,0.0,0.0,0.0,81.6486486289835,0.0,0.0,-0.0,-0.0,35.35920536063303,-0.0,-0.0,23.14472163417523,-0.0,-0.0,23.144721634175237
2030-01-17 06:00:00,1.0,0.0,0.0,0.0,81.6486486289835,0.0,0.0,-0.0,-0.0,35.35920536063303,-0.0,-0.0,23.14472163417523,-0.0,-0.0,23.144721634175237
2030-01-17 07:00:00,1.0,0.0,0.0,0.0,81.6486486289835,0.0,0.0,-0.0,-0.0,35.35920536063303,-0.0,-0.0,23.14472163417523,-0.0,-0.0,23.144721634175237
2030-01-17 08:00:00,1.0,0.0,0.0,45.0,34.2144837264578,45.0,0.0,-0.0,15.0,19.54781705979113,-0.0,15.0,7.333333333333333,-0.0,15.000000000000004,7.333333333333336
2030-01-17 09:00:00,1.0,0.0,0.0,0.0,34.2144837264578,0.0,0.0,-0.0,-0.0,19.54781705979113,-0.0,-0.0,7.333333333333333,-0.0,-0.0,7.333333333333336
2030-01-17 10:00:00,1.0,0.0,0.0,11.587676705600309,22.0,11.587676705600309,0.0,-0.0,11.587676705600309,7.333333333333333,-0.0,-0.0,7.333333333333333,-0.0,-0.0,7.333333333333336
2030-01-17 11:00:00,1.0,0.0,0.0,0.0,22.0,0.0,0.0,-0.0,-0.0,7.333333333333333,-0.0,-0.0,7.333333333333333,-0.0,-0.0,7.333333333333336
2030-01-17 12:00:00,1.0,0.0,0.0,0.0,22.0,0.0,0.0,-0.0,-0.0,7.333333333333333,-0.0,-0.0,7.333333333333333,-0.0,-0.0,7.333333333333336
2030-01-17 13:00:00,1.0,0.0,0.0,0.0,22.0,0.0,0.0,-0.0,-0.0,7.333333333333333,-0.0,-0.0,7.333333333333333,-0.0,-0.0,7.333333333333336
2030-01-17 14:00:00,1.0,0.0,0.0,0.0,22.0,0.0,0.0,-0.0,-0.0,7.333333333333333,-0.0,-0.0,7.333333333333333,-0.0,-0.0,7.333333333333336
2030-01-17 15:00:00,1.0,0.0,0.0,0.0,22.0,0.0,0.0,-0.0,-0.0,7.333333333333333,-0.0,-0.0,7.333333333333333,-0.0,-0.0,7.333333333333336
2030-01-17 16:00:00,1.0,0.0,0.0,0.0,22.0,0.0,0.0,-0.0,-0.0,7.333333333333333,-0.0,-0.0,7.333333333333333,-0.0,-0.0,7.333333333333336
2030-01-17 17:00:00,1.0,0.0,0.0,0.0,22.0,0.0,0.0,-0.0,-0.0,7.333333333333333,-0.0,-0.0,7.333333333333333,-0.0,-0.0,7.333333333333336
2030-01-17 18:00:00,1.0,0.0,0.0,0.0,22.0,0.0,0.0,-0.0,-0.0,7.333333333333333,-0.0,-0.0,7.333333333333333,-0.0,-0.0,7.333333333333336
2030-01-17 19:00:00,1.0,0.0,0.0,0.0,22.0,0.0,0.0,-0.0,-0.0,7.333333333333333,-0.0,-0.0,7.333333333333333,-0.0,-0.0,7.333333333333336
2030-01-17 20:00:00,1.0,0.0,0.0,0.0,22.0,0.0,0.0,-0.0,-0.0,7.333333333333333,-0.0,-0.0,7.333333333333333,-0.0,-0.0,7.333333333333336
2030-01-17 21:00:00,1.0,0.0,0.0,0.0,22.0,0.0,0.0,-0.0,-0.0,7.333333333333333,-0.0,-0.0,7.333333333333333,-0.0,-0.0,7.333333333333336
2030-01-17 22:00:00,1.0,0.0,0.0,0.0,22.0,0.0,0.0,-0.0,-0.0,7.333333333333333,-0.0,-0.0,7.333333333333333,-0.0,-0.0,7.333333333333336
2030-01-17 23:00:00,1.0,0.0,0.0,0.0,22.0,0.0,0.0,-0.0,-0.0,7.333333333333333,-0.0,-0.0,7.333333333333333,-0.0,-0.0,7.333333333333336
2030-01-18 00:00:00,1.0,0.0,0.0,0.0,22.0,0.0,0.0,-0.0,-0.0,7.333333333333333,-0.0,-0.0,7.333333333333333,-0.0,-0.0,7.333333333333336
2030-01-18 01:00:00,1.0,0.0,0.0,0.0,22.0,0.0,0.0,-0.0,-0.0,7.333333333333333,-0.0,-0.0,7.333333333333333,-0.0,-0.0,7.333333333333336
2030-01-18 02:00:00,1.0,0.0,0.0,0.0,22.0,0.0,0.0,-0.0,-0.0,7.333333333333333,-0.0,-0.0,7.333333333333333,-0.0,-0.0,7.333333333333336
2030-01-18 03:00:00,1.0,0.0,0.0,0.0,22.0,0.0,0.0,-0.0,-0.0,7.333333333333333,-0.0,-0.0,7.333333333333333,-0.0,-0.0,7.333333333333336
2030-01-18 04:00:00,1.0,0.0,0.0,0.0,22.0,0.0,0.0,-0.0,-0.0,7.333333333333333,-0.0,-0.0,7.333333333333333,-0.0,-0.0,7.333333333333336
2030-01-18 05:00:00,1.0,0.0,0.0,0.0,22.0,0.0,0.0,-0.0,-0.0,7.333333333333333,-0.0,-0.0,7.333333333333333,-0.0,-0.0,7.333333333333336
2030-01-18 06:00:00,1.0,0.0,0.0,0.0,22.0,0.0,0.0,-0.0,-0.0,7.333333333333333,-0.0,-0.0,7.333333333333333,-0.0,-0.0,7.333333333333336
2030-01-18 07:00:00,1.0,0.0,0.0,0.0,22.0,0.0,0.0,-0.0,-0.0,7.333333333333333,-0.0,-0.0,7.333333333333333,-0.0,-0.0,7.333333333333336
2030-01-18 08:00:00,1.0,0.0,0.0,0.0,22.0,0.0,0.0,-0.0,-0.0,7.333333333333333,-0.0,-0.0,7.333333333333333,-0.0,-0.0,7.333333333333336
2030-01-18 09:00:00,1.0,0.0,0.0,0.0,22.0,0.0,0.0,-0.0,-0.0,7.333333333333333,-0.0,-0.0,7.333333333333333,-0.0,-0.0,7.333333333333336
2030-01-18 10:00:00,1.0,0.0,0.0,0.0,22.0,0.0,0.0,-0.0,-0.0,7.333333333333333,-0.0,-0.0,7.333333333333333,-0.0,-0.0,7.333333333333336
2030-01-18 11:00:00,1.0,0.0,0.0,0.0,22.0,0.0,0.0,-0.0,-0.0,7.333333333333333,-0.0,-0.0,7.333333333333333,-0.0,-0.0,7.333333333333336
2030-01-18 12:00:00,1.0,0.0,0.0,0.0,22.0,0.0,0.0,-0.0,-0.0,7.333333333333333,-0.0,-0.0,7.333333333333333,-0.0,-0.0,7.333333333333336
2030-01-18 13:00:00,1.0,0.0,0.0,0.0,22.0,0.0,0.0,-0.0,-0.0,7.333333333333333,-0.0,-0.0,7.333333333333333,-0.0,-0.0,7.333333333333336
2030-01-18 14:00:00,1.0,0.0,0.0,0.0,22.0,0.0,0.0,-0.0,-0.0,7.333333333333333,-0.0,-0.0,7.333333333333333,-0.0,-0.0,7.333333333333336
2030-01-18 15:00:00,1.0,0.0,0.0,0.0,22.0,0.0,0.0,-0.0,-0.0,7.333333333333333,-0.0,-0.0,7.333333333333333,-0.0,-0.0,7.333333333333336
2030-01-18 16:00:00,1.0,0.0,45.0,0.0,64.69074841227314,0.0,45.0,15.0,-0.0,21.56358280409104,15.0,-0.0,21.56358280409104,15.000000000000004,-0.0,21.563582804091048
2030-01-18 17:00:00,1.0,0.0,36.86887766297922,0.0,99.66763686900917,0.0,36.86887766297922,15.0,-0.0,35.79383227484875,15.0,-0.0,35.79383227484875,6.868877662979223,-0.0,28.079972319311683
2030-01-18 18:00:00,1.0,0.0,0.0,0.0,99.66763686900917,0.0,0.0,-0.0,-0.0,35.79383227484875,-0.0,-0.0,35.79383227484875,-0.0,-0.0,28.079972319311683
2030-01-18 19:00:00,1.0,0.0,0.0,0.0,99.66763686900917,0.0,0.0,-0.0,-0.0,35.79383227484875,-0.0,-0.0,35.79383227484875,-0.0,-0.0,28.079972319311683
2030-01-18 20:00:00,1.0,0.0,0.0,35.38351903573747,62.37013294072411,35.38351903573747,0.0,-0.0,11.999999999999998,23.14472163417523,-0.0,11.999999999999998,23.14472163417523,-0.0,11.383519035737475,16.08068967237365
2030-01-18 21:00:00,1.0,0.0,0.0,38.29847086094384,22.0,38.29847086094384,0.0,-0.0,15.0,7.333333333333333,-0.0,15.0,7.333333333333333,-0.0,8.298470860943834,7.333333333333336
2030-01-18 22:00:00,1.0,0.0,0.0,0.0,22.0,0.0,0.0,-0.0,-0.0,7.333333333333333,-0.0,-0.0,7.333333333333333,-0.0,-0.0,7.333333333333336
2030-01-18 23:00:00,1.0,0.0,0.0,0.0,22.0,0.0,0.0,-0.0,-0.0,7.333333333333333,-0.0,-0.0,7.333333333333333,-0.0,-0.0,7.333333333333336
2030-01-19 00:00:00,1.0,0.0,0.0,0.0,22.0,0.0,0.0,-0.0,-0.0,7.333333333333333,-0.0,-0.0,7.333333333333333,-0.0,-0.0,7.333333333333336
2030-01-19 01:00:00,1.0,0.0,0.0,0.0,22.0,0.0,0.0,-0.0,-0.0,7.333333333333333,-0.0,-0.0,7.333333333333333,-0.0,-0.0,7.333333333333336
2030-01-19 02:00:00,1.0,0.0,0.0,0.0,22.0,0.0,0.0,-0.0,-0.0,7.333333333333333,-0.0,-0.0,7.333333333333333,-0.0,-0.0,7.333333333333336
2030-01-19 03:00:00,1.0,0.0,0.0,0.0,22.0,0.0,0.0,-0.0,-0.0,7.333333333333333,-0.0,-0.0,7.333333333333333,-0.0,-0.0,7.333333333333336
2030-01-19 04:00:00,1.0,0.0,19.797973985884752,0.0,40.78200725564742,0.0,19.797973985884752,15.0,-0.0,21.56358280409104,4.797973985884752,-0.0,11.885091118223048,-0.0,-0.0,7.333333333333336
2030-01-19 05:00:00,1.0,0.0,45.0,0.0,83.47275566792055,0.0,45.0,15.0,-0.0,35.79383227484875,15.0,-0.0,26.115340588980757,15.000000000000004,-0.0,21.563582804091048
2030-01-19 06:00:00,1.0,0.0,45.0,0.0,126.16350408019368,0.0,45.0,15.0,-0.0,50.02408174560646,15.0,-0.0,40.34559005973846,15.000000000000004,-0.0,35.793832274848754
2030-01-19 07:00:00,1.0,0.0,45.0,0.0,168.8542524924668,0.0,45.0,15.0,-0.0,64.25433121636416,15.0,-0.0,54.57583953049617,15.000000000000004,-0.0,50.024081745606466
2030-01-19 08:00:00,1.0,0.0,20.42671225889608,0.0,188.2327332465652,0.0,20.42671225889608,1.8400964655149779,-0.0,66.0,3.5866157933810996,-0.0,57.97840203020101,15.000000000000004,-0.0,64.25433121636418
2030-01-19 09:00:00,1.0,0.0,10.295603151764109,0.0,198.00000000000003,0.0,10.295603151764109,-0.0,-0.0,66.0,8.455506686249123,-0.0,66.0,1.8400964655149854,-0.0,66.00000000000003
2030-01-19 10:00:00,1.0,0.0,0.0,24.927562164048716,171.72404234872343,24.927562164048716,0.0,-0.0,-0.0,66.0,-0.0,15.0,50.1886116991581,-0.0,9.927562164048718,55.53543064956533
2030-01-19 11:00:00,1.0,0.0,0.0,16.97496945412476,153.83085345311696,16.97496945412476,0.0,-0.0,10.656086818963477,54.76749823585902,-0.0,5.590357980246509,44.29585698139891,-0.0,0.7285246549147754,54.76749823585904
2030-01-19 12:00:00,1.0,0.0,0.0,0.0,153.83085345311696,0.0,0.0,-0.0,-0.0,54.76749823585902,-0.0,-0.0,44.29585698139891,-0.0,-0.0,54.76749823585904
2030-01-19 13:00:00,1.0,0.0,0.0,35.06572883871697,116.86832980505139,35.06572883871697,0.0,-0.0,15.0,38.956109935017125,-0.0,5.065728838716967,38.956109935017125,-0.0,15.000000000000004,38.95610993501714
2030-01-19 14:00:00,1.0,0.0,0.0,45.0,69.4341649025257,45.0,0.0,-0.0,15.0,23.14472163417523,-0.0,15.0,23.14472163417523,-0.0,15.000000000000004,23.144721634175237
2030-01-19 15:00:00,1.0,0.0,0.0,45.0,22.0,45.0,0.0,-0.0,15.0,7.333333333333333,-0.0,15.0,7.333333333333333,-0.0,15.000000000000004,7.333333333333336
2030-01-19 16:00:00,1.0,0.0,0.0,0.0,22.0,0.0,0.0,-0.0,-0.0,7.333333333333333,-0.0,-0.0,7.333333333333333,-0.0,-0.0,7.333333333333336
2030-01-19 17:00:00,1.0,0.0,0.0,0.0,22.0,0.0,0.0,-0.0,-0.0,7.333333333333333,-0.0,-0.0,7.333333333333333,-0.0,-0.0,7.333333333333336
2030-01-19 18:00:00,1.0,0.0,0.0,0.0,22.0,0.0,0.0,-0.0,-0.0,7.333333333333333,-0.0,-0.0,7.333333333333333,-0.0,-0.0,7.333333333333336
2030-01-19 19:00:00,1.0,0.0,0.0,0.0,22.0,0.0,0.0,-0.0,-0.0,7.333333333333333,-0.0,-0.0,7.333333333333333,-0.0,-0.0,7.333333333333336
2030-01-19 20:00:00,1.0,0.0,0.0,0.0,22.0,0.0,0.0,-0.0,-0.0,7.333333333333333,-0.0,-0.0,7.333333333333333,-0.0,-0.0,7.333333333333336
2030-01-19 21:00:00,1.0,0.0,0.0,0.0,22.0,0.0,0.0,-0.0,-0.0,7.333333333333333,-0.0,-0.0,7.333333333333333,-0.0,-0.0,7.333333333333336
2030-01-19 22:00:00,1.0,0.0,1.8400964655149787,0.0,23.745668783635846,0.0,1.8400964655149787,1.8400964655149787,-0.0,9.079002116969177,-0.0,-0.0,7.333333333333333,-0.0,-0.0,7.333333333333336
2030-01-19 23:00:00,1.0,0.0,3.6801929310299584,0.0,27.237006350907535,0.0,3.6801929310299584,-0.0,-0.0,9.079002116969177,1.8400964655149787,-0.0,9.079002116969177,1.8400964655149796,-0.0,9.07900211696918
2030-01-20 00:00:00,1.0,0.0,45.0,0.0,69.92775476318066,0.0,45.0,15.0,-0.0,23.309251587726884,15.0,-0.0,23.309251587726884,15.000000000000004,-0.0,23.30925158772689
2030-01-20 01:00:00,1.0,0.0,45.0,0.0,112.61850317545378,0.0,45.0,15.0,-0.0,37.53950105848459,15.0,-0.0,37.53950105848459,15.000000000000004,-0.0,37.5395010584846
2030-01-20 02:00:00,1.0,0.0,45.0,0.0,155.30925158772692,0.0,45.0,15.0,-0.0,51.769750529242295,15.0,-0.0,51.769750529242295,15.000000000000004,-0.0,51.769750529242316
2030-01-20 03:00:00,1.0,0.0,45.0,0.0,198.00000000000003,0.0,45.0,15.0,-0.0,66.0,15.0,-0.0,66.0,15.000000000000004,-0.0,66.00000000000003
2030-01-20 04:00:00,1.0,0.0,0.0,0.0,198.00000000000003,0.0,0.0,-0.0,-0.0,66.0,-0.0,-0.0,66.0,-0.0,-0.0,66.00000000000003
2030-01-20 05:00:00,1.0,0.0,0.0,45.0,150.56583509747435,45.0,0.0,-0.0,15.0,50.1886116991581,-0.0,15.0,50.1886116991581,-0.0,15.000000000000004,50.18861169915813
2030-01-20 06:00:00,1.0,0.0,0.0,39.69293859369853,108.72580410371161,39.69293859369853,0.0,-0.0,10.656086818963473,38.956109935017125,-0.0,14.036851774735055,35.39247077037825,-0.0,15.000000000000004,34.37722339831623
2030-01-20 07:00:00,1.0,0.0,0.0,45.0,61.291639201185916,45.0,0.0,-0.0,15.0,23.14472163417523,-0.0,15.0,19.58108246953636,-0.0,15.000000000000004,18.565835097474327
2030-01-20 08:00:00,1.0,0.0,0.0,10.65608681896349,50.059137437044924,10.65608681896349,0.0,-0.0,-0.0,23.14472163417523,-0.0,-0.0,19.58108246953636,-0.0,10.65608681896349,7.333333333333336
2030-01-20 09:00:00,1.0,0.0,0.0,26.619235044228418,22.0,26.619235044228418,0.0,-0.0,15.0,7.333333333333333,-0.0,11.619235044228418,7.333333333333333,-0.0,-0.0,7.333333333333336
2030-01-20 10:00:00,1.0,0.0,0.0,0.0,22.0,0.0,0.0,-0.0,-0.0,7.333333333333333,-0.0,-0.0,7.333333333333333,-0.0,-0.0,7.333333333333336
2030-01-20 11:00:00,1.0,0.0,0.0,0.0,22.0,0.0,0.0,-0.0,-0.0,7.333333333333333,-0.0,-0.0,7.333333333333333,-0.0,-0.0,7.333333333333336
2030-01-20 12:00:00,1.0,0.0,0.0,0.0,22.0,0.0,0.0,-0.0,-0.0,7.333333333333333,-0.0,-0.0,7.333333333333333,-0.0,-0.0,7.333333333333336
2030-01-20 13:00:00,1.0,0.0,36.72182344939996,0.0,56.83738058040546,0.0,36.72182344939996,15.0,-0.0,21.56358280409104,6.721823449399957,-0.0,13.710214972223365,15.000000000000004,-0.0,21.563582804091048
2030-01-20 14:00:00,1.0,0.0,0.0,21.072776540063252,34.62472375028467,21.072776540063252,0.0,-0.0,13.500000000000002,7.333333333333333,-0.0,4.39355428549648,9.079002116969177,-0.0,3.1792222545667705,18.212388299982166
2030-01-20 15:00:00,1.0,0.0,30.189895279074864,0.0,63.265373171437055,0.0,30.189895279074864,15.0,-0.0,21.56358280409104,15.0,-0.0,23.309251587726884,0.18989527907486448,-0.0,18.39253877961913
2030-01-20 16:00:00,1.0,0.0,0.0,4.345057662952037,58.68528024487151,4.345057662952037,0.0,-0.0,4.345057662952037,16.98348987752549,-0.0,-0.0,23.309251587726884,-0.0,-0.0,18.39253877961913
2030-01-20 17:00:00,1.0,0.0,45.0,0.0,101.37602865714463,0.0,45.0,15.0,-0.0,31.213739348283198,15.0,-0.0,37.53950105848459,15.000000000000004,-0.0,32.62278825037684
2030-01-20 18:00:00,1.0,0.0,19.183502775715485,0.0,119.57509733857161,0.0,19.183502775715485,6.667938313239464,-0.0,37.53950105848459,-0.0,-0.0,37.53950105848459,12.515564462476021,-0.0,44.49609522160243
2030-01-20 19:00:00,1.0,0.0,37.66710589570492,0.0,155.30925158772692,0.0,37.66710589570492,15.0,-0.0,51.769750529242295,15.0,-0.0,51.769750529242295,7.667105895704921,-0.0,51.769750529242316
2030-01-20 20:00:00,1.0,0.0,45.0,0.0,198.00000000000003,0.0,45.0,15.0,-0.0,66.0,15.0,-0.0,66.0,15.000000000000004,-0.0,66.00000000000003
2030-01-20 21:00:00,1.0,0.0,0.0,15.134730465675897,182.04659331857448,15.134730465675897,0.0,-0.0,0.7190591428656319,65.24204511205873,-0.0,-0.0,66.0,-0.0,14.415671322810265,50.80454820651575
2030-01-20 22:00:00,1.0,0.0,0.0,0.0,182.04659331857448,0.0,0.0,-0.0,-0.0,65.24204511205873,-0.0,-0.0,66.0,-0.0,-0.0,50.80454820651575
2030-01-20 23:00:00,1.0,0.0,0.0,0.0,182.04659331857448,0.0,0.0,-0.0,-0.0,65.24204511205873,-0.0,-0.0,66.0,-0.0,-0.0,50.80454820651575
2030-01-21 00:00:00,1.0,0.0,0.0,0.0,182.04659331857448,0.0,0.0,-0.0,-0.0,65.24204511205873,-0.0,-0.0,66.0,-0.0,-0.0,50.80454820651575
2030-01-21 01:00:00,1.0,0.0,0.0,0.0,182.04659331857448,0.0,0.0,-0.0,-0.0,65.24204511205872,-0.0,-0.0,66.0,-0.0,-0.0,50.80454820651575
2030-01-21 02:00:00,1.0,0.0,0.0,20.593114495061318,160.33954467823378,20.593114495061318,0.0,-0.0,9.937027676097841,54.76749823585902,-0.0,10.656086818963477,54.76749823585902,-0.0,-0.0,50.80454820651575
2030-01-21 03:00:00,1.0,0.0,0.0,45.0,112.9053797757081,45.0,0.0,-0.0,15.0,38.956109935017125,-0.0,15.0,38.956109935017125,-0.0,15.000000000000004,34.99315990567385
2030-01-21 04:00:00,1.0,0.0,0.0,0.0,112.9053797757081,0.0,0.0,-0.0,-0.0,38.956109935017125,-0.0,-0.0,38.956109935017125,-0.0,-0.0,34.99315990567385
2030-01-21 05:00:00,1.0,0.0,0.0,45.0,65.4712148731824,45.0,0.0,-0.0,15.0,23.14472163417523,-0.0,15.0,23.14472163417523,-0.0,15.000000000000004,19.18177160483194
