snapshot,duration_h,project_wind_mw,battery_charge_mw,battery_discharge_mw,battery_soc_mwh,pcc_export_mw,pcc_import_mw,charge_mw__Croaghonagh,discharge_mw__Croaghonagh,soc_mwh__Croaghonagh,charge_mw__Binbane,discharge_mw__Binbane,soc_mwh__Binbane,charge_mw__Ardnagappary,discharge_mw__Ardnagappary,soc_mwh__Ardnagappary,charge_mw__Drumkeen,discharge_mw__Drumkeen,soc_mwh__Drumkeen
2030-01-14 06:00:00,1.0,0.0,0.0,0.0,22.0,0.0,0.0,-0.0,-0.0,5.5,-0.0,-0.0,5.5,-0.0,-0.0,5.5,-0.0,-0.0,5.5
2030-01-14 07:00:00,1.0,0.0,18.509060023590187,0.0,39.559236106994454,0.0,18.509060023590187,1.3800723491362408,-0.0,6.809251587726889,1.3800723491362408,-0.0,6.809251587726889,4.498915325317704,-0.0,9.768045828472399,11.25,-0.0,16.172687103068277
2030-01-14 08:00:00,1.0,0.0,32.01122937295478,0.0,69.92775476318067,0.0,32.01122937295478,11.25,-0.0,17.481938690795168,11.25,-0.0,17.481938690795168,8.131157023818536,-0.0,17.481938690795168,1.3800723491362428,-0.0,17.481938690795168
2030-01-14 09:00:00,1.0,0.0,45.0,0.0,112.61850317545378,0.0,45.0,11.25,-0.0,28.154625793863445,11.25,-0.0,28.154625793863445,11.25,-0.0,28.154625793863445,11.25,-0.0,28.154625793863445
2030-01-14 10:00:00,1.0,0.0,45.0,0.0,155.3092515877269,0.0,45.0,11.25,-0.0,38.82731289693172,11.25,-0.0,38.82731289693172,11.25,-0.0,38.82731289693172,11.25,-0.0,38.82731289693172
2030-01-14 11:00:00,1.0,0.0,45.0,0.0,198.0,0.0,45.0,11.25,-0.0,49.5,11.25,-0.0,49.5,11.25,-0.0,49.5,11.25,-0.0,49.5
2030-01-14 12:00:00,1.0,0.0,0.0,41.45396668689575,154.30368240688844,41.45396668689575,0.0,-0.0,11.25,37.64145877436857,-0.0,11.25,37.64145877436857,-0.0,11.25,37.64145877436857,-0.0,7.703966686895747,41.37930608378272
2030-01-14 13:00:00,1.0,0.0,0.0,45.0,106.86951750436275,45.0,0.0,-0.0,11.25,25.78291754873715,-0.0,11.25,25.78291754873715,-0.0,11.25,25.78291754873715,-0.0,11.25,29.5207648581513
2030-01-14 14:00:00,1.0,0.0,0.0,33.45641783439212,71.6033566020437,33.45641783439212,0.0,-0.0,1.668319407065269,24.02435448507453,-0.0,11.25,13.924376323105726,-0.0,11.25,13.924376323105726,-0.0,9.288098427326853,19.730249470757713
2030-01-14 15:00:00,1.0,0.0,45.0,0.0,114.29410501431681,0.0,45.0,11.25,-0.0,34.69704158814281,11.25,-0.0,24.597063426174003,11.25,-0.0,24.597063426174003,11.25,-0.0,30.40293657382599
2030-01-14 16:00:00,1.0,0.0,0.0,0.0,114.29410501431681,0.0,0.0,-0.0,-0.0,34.69704158814281,-0.0,-0.0,24.597063426174003,-0.0,-0.0,24.597063426174003,-0.0,-0.0,30.40293657382599
2030-01-14 17:00:00,1.0,0.0,34.966167852066704,0.0,147.46592445240327,0.0,34.966167852066704,6.7236158809363,-0.0,41.07562367689427,5.742551971130406,-0.0,30.044926569372475,11.25,-0.0,35.26975052924228,11.25,-0.0,41.07562367689427
2030-01-14 18:00:00,1.0,0.0,0.0,45.0,100.03175954987759,45.0,0.0,-0.0,11.25,29.217082451262847,-0.0,11.25,18.18638534374105,-0.0,11.25,23.411209303610857,-0.0,11.25,29.217082451262847
2030-01-14 19:00:00,1.0,0.0,0.0,29.027427002462552,69.4341649025257,29.027427002462552,0.0,-0.0,11.25,17.358541225631424,-0.0,0.7853618882399616,17.358541225631424,-0.0,5.7420651142225925,17.358541225631424,-0.0,11.25,17.358541225631424
2030-01-14 20:00:00,1.0,0.0,0.0,0.0,69.4341649025257,0.0,0.0,-0.0,-0.0,17.358541225631424,-0.0,-0.0,17.358541225631424,-0.0,-0.0,17.358541225631424,-0.0,-0.0,17.358541225631424
2030-01-14 21:00:00,1.0,0.0,0.0,45.0,22.0,45.0,0.0,-0.0,11.25,5.5,-0.0,11.25,5.5,-0.0,11.25,5.5,-0.0,11.25,5.5
2030-01-14 22:00:00,1.0,0.0,0.0,0.0,22.0,0.0,0.0,-0.0,-0.0,5.5,-0.0,-0.0,5.5,-0.0,-0.0,5.5,-0.0,-0.0,5.5
2030-01-14 23:00:00,1.0,0.0,0.0,0.0,22.0,0.0,0.0,-0.0,-0.0,5.5,-0.0,-0.0,5.5,-0.0,-0.0,5.5,-0.0,-0.0,5.5
2030-01-15 00:00:00,1.0,0.0,0.0,0.0,22.0,0.0,0.0,-0.0,-0.0,5.5,-0.0,-0.0,5.5,-0.0,-0.0,5.5,-0.0,-0.0,5.5
2030-01-15 01:00:00,1.0,0.0,1.3800723491362408,0.0,23.30925158772689,0.0,1.3800723491362408,-0.0,-0.0,5.5,-0.0,-0.0,5.5,-0.0,-0.0,5.5,1.3800723491362408,-0.0,6.809251587726889
2030-01-15 02:00:00,1.0,0.0,31.037610508594256,0.0,52.75411428862737,0.0,31.037610508594256,7.157538159458015,-0.0,12.290236907037034,11.25,-0.0,16.172687103068277,1.3800723491362408,-0.0,6.809251587726889,11.25,-0.0,17.481938690795168
2030-01-15 03:00:00,1.0,0.0,45.0,0.0,95.44486270090049,0.0,45.0,11.25,-0.0,22.96292401010531,11.25,-0.0,26.845374206136555,11.25,-0.0,17.481938690795168,11.25,-0.0,28.154625793863445
2030-01-15 04:00:00,1.0,0.0,45.0,0.0,138.13561111317358,0.0,45.0,11.25,-0.0,33.63561111317359,11.25,-0.0,37.51806130920483,11.25,-0.0,28.154625793863445,11.25,-0.0,38.82731289693172
2030-01-15 05:00:00,1.0,0.0,45.0,0.0,180.8263595254467,0.0,45.0,11.25,-0.0,44.308298216241866,11.25,-0.0,48.19074841227311,11.25,-0.0,38.82731289693172,11.25,-0.0,49.5
2030-01-15 06:00:00,1.0,0.0,18.102606538814467,0.0,198.0,0.0,18.102606538814467,5.472534189678225,-0.0,49.5,1.3800723491362428,-0.0,49.5,11.25,-0.0,49.5,-0.0,-0.0,49.5
2030-01-15 07:00:00,1.0,0.0,0.0,0.0,198.0,0.0,0.0,-0.0,-0.0,49.5,-0.0,-0.0,49.5,-0.0,-0.0,49.5,-0.0,-0.0,49.5
2030-01-15 08:00:00,1.0,0.0,0.0,0.0,198.0,0.0,0.0,-0.0,-0.0,49.5,-0.0,-0.0,49.5,-0.0,-0.0,49.5,-0.0,-0.0,49.5
2030-01-15 09:00:00,1.0,0.0,0.0,0.0,198.0,0.0,0.0,-0.0,-0.0,49.5,-0.0,-0.0,49.5,-0.0,-0.0,49.5,-0.0,-0.0,49.5
2030-01-15 10:00:00,1.0,0.0,0.0,0.0,198.0,0.0,0.0,-0.0,-0.0,49.5,-0.0,-0.0,49.5,-0.0,-0.0,49.5,-0.0,-0.0,49.5
2030-01-15 11:00:00,1.0,0.0,0.0,0.0,198.0,0.0,0.0,-0.0,-0.0,49.5,-0.0,-0.0,49.5,-0.0,-0.0,49.5,-0.0,-0.0,49.5
2030-01-15 12:00:00,1.0,0.0,0.0,0.0,198.00000000000006,0.0,0.0,-0.0,-0.0,49.5,-0.0,-0.0,49.50000000000004,-0.0,-0.0,49.5,-0.0,-0.0,49.5
2030-01-15 13:00:00,1.0,0.0,0.0,0.0,198.00000000000006,0.0,0.0,-0.0,-0.0,49.5,-0.0,-0.0,49.50000000000004,-0.0,-0.0,49.5,-0.0,-0.0,49.5
2030-01-15 14:00:00,1.0,0.0,0.0,0.0,198.00000000000006,0.0,0.0,-0.0,-0.0,49.5,-0.0,-0.0,49.50000000000004,-0.0,-0.0,49.5,-0.0,-0.0,49.5
2030-01-15 15:00:00,1.0,0.0,0.0,45.0,150.56583509747435,45.0,0.0,-0.0,11.25,37.64145877436857,-0.0,11.25,37.641458774368616,-0.0,11.25,37.64145877436857,-0.0,11.25,37.64145877436857
2030-01-15 16:00:00,1.0,0.0,0.0,0.0,150.56583509747435,0.0,0.0,-0.0,-0.0,37.64145877436857,-0.0,-0.0,37.641458774368616,-0.0,-0.0,37.64145877436857,-0.0,-0.0,37.64145877436857
2030-01-15 17:00:00,1.0,0.0,0.0,0.0,150.56583509747435,0.0,0.0,-0.0,-0.0,37.64145877436857,-0.0,-0.0,37.641458774368616,-0.0,-0.0,37.64145877436857,-0.0,-0.0,37.64145877436857
2030-01-15 18:00:00,1.0,0.0,0.0,45.0,103.13167019494864,45.0,0.0,-0.0,11.25,25.782917548737153,-0.0,11.25,25.782917548737196,-0.0,11.25,25.78291754873715,-0.0,11.25,25.782917548737153
2030-01-15 19:00:00,1.0,0.0,0.0,0.0,103.13167019494864,0.0,0.0,-0.0,-0.0,25.782917548737153,-0.0,-0.0,25.782917548737196,-0.0,-0.0,25.78291754873715,-0.0,-0.0,25.782917548737153
2030-01-15 20:00:00,1.0,0.0,0.0,0.0,103.13167019494864,0.0,0.0,-0.0,-0.0,25.782917548737153,-0.0,-0.0,25.782917548737196,-0.0,-0.0,25.78291754873715,-0.0,-0.0,25.782917548737153
2030-01-15 21:00:00,1.0,0.0,0.0,0.0,103.13167019494864,0.0,0.0,-0.0,-0.0,25.782917548737153,-0.0,-0.0,25.782917548737196,-0.0,-0.0,25.78291754873715,-0.0,-0.0,25.782917548737153
2030-01-15 22:00:00,1.0,0.0,0.0,0.0,103.13167019494864,0.0,0.0,-0.0,-0.0,25.782917548737153,-0.0,-0.0,25.782917548737196,-0.0,-0.0,25.78291754873715,-0.0,-0.0,25.782917548737153
2030-01-15 23:00:00,1.0,0.0,0.0,0.0,103.13167019494864,0.0,0.0,-0.0,-0.0,25.782917548737153,-0.0,-0.0,25.782917548737196,-0.0,-0.0,25.78291754873715,-0.0,-0.0,25.782917548737153
2030-01-16 00:00:00,1.0,0.0,0.0,0.0,103.13167019494864,0.0,0.0,-0.0,-0.0,25.782917548737153,-0.0,-0.0,25.782917548737196,-0.0,-0.0,25.78291754873715,-0.0,-0.0,25.782917548737153
2030-01-16 01:00:00,1.0,0.0,0.0,0.0,103.13167019494864,0.0,0.0,-0.0,-0.0,25.782917548737153,-0.0,-0.0,25.782917548737196,-0.0,-0.0,25.78291754873715,-0.0,-0.0,25.782917548737153
2030-01-16 02:00:00,1.0,0.0,0.0,45.0,55.69750529242297,45.0,0.0,-0.0,11.25,13.924376323105733,-0.0,11.25,13.924376323105776,-0.0,11.25,13.924376323105726,-0.0,11.25,13.924376323105733
2030-01-16 03:00:00,1.0,0.0,0.0,0.0,55.69750529242297,0.0,0.0,-0.0,-0.0,13.924376323105733,-0.0,-0.0,13.924376323105776,-0.0,-0.0,13.924376323105726,-0.0,-0.0,13.924376323105733
2030-01-16 04:00:00,1.0,0.0,0.0,0.0,55.69750529242297,0.0,0.0,-0.0,-0.0,13.924376323105733,-0.0,-0.0,13.924376323105776,-0.0,-0.0,13.924376323105726,-0.0,-0.0,13.924376323105733
2030-01-16 05:00:00,1.0,0.0,0.0,0.0,55.69750529242297,0.0,0.0,-0.0,-0.0,13.924376323105733,-0.0,-0.0,13.924376323105776,-0.0,-0.0,13.924376323105726,-0.0,-0.0,13.924376323105733
2030-01-16 06:00:00,1.0,0.0,0.0,0.0,55.69750529242297,0.0,0.0,-0.0,-0.0,13.924376323105733,-0.0,-0.0,13.924376323105776,-0.0,-0.0,13.924376323105726,-0.0,-0.0,13.924376323105733
2030-01-16 07:00:00,1.0,0.0,0.0,0.0,55.69750529242297,0.0,0.0,-0.0,-0.0,13.924376323105733,-0.0,-0.0,13.924376323105776,-0.0,-0.0,13.924376323105726,-0.0,-0.0,13.924376323105733
2030-01-16 08:00:00,1.0,0.0,0.0,31.96826045689047,22.0,31.96826045689047,0.0,-0.0,7.992065114222607,5.5,-0.0,7.9920651142226475,5.5,-0.0,7.992065114222607,5.5,-0.0,7.992065114222607,5.5
2030-01-16 09:00:00,1.0,0.0,0.0,0.0,22.0,0.0,0.0,-0.0,-0.0,5.5,-0.0,-0.0,5.5,-0.0,-0.0,5.5,-0.0,-0.0,5.5
2030-01-16 10:00:00,1.0,0.0,0.0,0.0,22.0,0.0,0.0,-0.0,-0.0,5.5,-0.0,-0.0,5.5,-0.0,-0.0,5.5,-0.0,-0.0,5.5
2030-01-16 11:00:00,1.0,0.0,0.0,0.0,22.0,0.0,0.0,-0.0,-0.0,5.5,-0.0,-0.0,5.5,-0.0,-0.0,5.5,-0.0,-0.0,5.5
2030-01-16 12:00:00,1.0,0.0,0.0,0.0,22.0,0.0,0.0,-0.0,-0.0,5.5,-0.0,-0.0,5.5,-0.0,-0.0,5.5,-0.0,-0.0,5.5
2030-01-16 13:00:00,1.0,0.0,0.0,0.0,22.0,0.0,0.0,-0.0,-0.0,5.5,-0.0,-0.0,5.5,-0.0,-0.0,5.5,-0.0,-0.0,5.5
2030-01-16 14:00:00,1.0,0.0,0.0,0.0,22.0,0.0,0.0,-0.0,-0.0,5.5,-0.0,-0.0,5.5,-0.0,-0.0,5.5,-0.0,-0.0,5.5
2030-01-16 15:00:00,1.0,0.0,0.0,0.0,22.0,0.0,0.0,-0.0,-0.0,5.5,-0.0,-0.0,5.5,-0.0,-0.0,5.5,-0.0,-0.0,5.5
2030-01-16 16:00:00,1.0,0.0,0.0,0.0,22.0,0.0,0.0,-0.0,-0.0,5.5,-0.0,-0.0,5.5,-0.0,-0.0,5.5,-0.0,-0.0,5.5
2030-01-16 17:00:00,1.0,0.0,45.0,0.0,64.69074841227311,0.0,45.0,11.25,-0.0,16.172687103068277,11.25,-0.0,16.172687103068277,11.25,-0.0,16.172687103068277,11.25,-0.0,16.172687103068277
2030-01-16 18:00:00,1.0,0.0,0.0,20.249999999999993,43.345374206136555,20.249999999999993,0.0,-0.0,-0.0,16.172687103068277,-0.0,10.124999999999996,5.5,-0.0,10.124999999999996,5.5,-0.0,-0.0,16.172687103068277
2030-01-16 19:00:00,1.0,0.0,0.0,0.0,43.345374206136555,0.0,0.0,-0.0,-0.0,16.172687103068277,-0.0,-0.0,5.5,-0.0,-0.0,5.5,-0.0,-0.0,16.172687103068277
2030-01-16 20:00:00,1.0,0.0,0.0,0.0,43.345374206136555,0.0,0.0,-0.0,-0.0,16.172687103068277,-0.0,-0.0,5.5,-0.0,-0.0,5.5,-0.0,-0.0,16.172687103068277
2030-01-16 21:00:00,1.0,0.0,0.0,0.0,43.345374206136555,0.0,0.0,-0.0,-0.0,16.172687103068277,-0.0,-0.0,5.5,-0.0,-0.0,5.5,-0.0,-0.0,16.172687103068277
2030-01-16 22:00:00,1.0,0.0,0.0,0.0,43.345374206136555,0.0,0.0,-0.0,-0.0,16.172687103068277,-0.0,-0.0,5.5,-0.0,-0.0,5.5,-0.0,-0.0,16.172687103068277
2030-01-16 23:00:00,1.0,0.0,0.0,0.0,43.345374206136555,0.0,0.0,-0.0,-0.0,16.172687103068277,-0.0,-0.0,5.5,-0.0,-0.0,5.5,-0.0,-0.0,16.172687103068277
2030-01-17 00:00:00,1.0,0.0,0.0,0.0,43.345374206136555,0.0,0.0,-0.0,-0.0,16.172687103068277,-0.0,-0.0,5.5,-0.0,-0.0,5.5,-0.0,-0.0,16.172687103068277
2030-01-17 01:00:00,1.0,0.0,0.0,0.0,43.345374206136555,0.0,0.0,-0.0,-0.0,16.172687103068277,-0.0,-0.0,5.5,-0.0,-0.0,5.5,-0.0,-0.0,16.172687103068277
2030-01-17 02:00:00,1.0,0.0,14.568908840041153,0.0,57.166654693504086,0.0,14.568908840041153,1.2500000000000042,-0.0,17.358541225631424,9.193712500485255,-0.0,14.221921496288587,2.8751963395558917,-0.0,8.227650745952648,1.2500000000000042,-0.0,17.358541225631424
2030-01-17 03:00:00,1.0,0.0,3.3062874995147467,0.0,60.303274422846926,0.0,3.3062874995147467,-0.0,-0.0,17.358541225631424,3.3062874995147467,-0.0,17.358541225631424,-0.0,-0.0,8.227650745952648,-0.0,-0.0,17.358541225631424
2030-01-17 04:00:00,1.0,0.0,0.0,0.0,60.303274422846926,0.0,0.0,-0.0,-0.0,17.358541225631424,-0.0,-0.0,17.358541225631424,-0.0,-0.0,8.227650745952648,-0.0,-0.0,17.358541225631424
2030-01-17 05:00:00,1.0,0.0,0.0,0.0,60.303274422846926,0.0,0.0,-0.0,-0.0,17.358541225631424,-0.0,-0.0,17.358541225631424,-0.0,-0.0,8.227650745952648,-0.0,-0.0,17.358541225631424
2030-01-17 06:00:00,1.0,0.0,0.0,0.0,60.303274422846926,0.0,0.0,-0.0,-0.0,17.358541225631424,-0.0,-0.0,17.358541225631424,-0.0,-0.0,8.227650745952648,-0.0,-0.0,17.358541225631424
2030-01-17 07:00:00,1.0,0.0,0.0,0.0,60.303274422846926,0.0,0.0,-0.0,-0.0,17.358541225631424,-0.0,-0.0,17.358541225631424,-0.0,-0.0,8.227650745952648,-0.0,-0.0,17.358541225631424
2030-01-17 08:00:00,1.0,0.0,0.0,0.0,60.303274422846926,0.0,0.0,-0.0,-0.0,17.358541225631424,-0.0,-0.0,17.358541225631424,-0.0,-0.0,8.227650745952648,-0.0,-0.0,17.358541225631424
2030-01-17 09:00:00,1.0,0.0,0.0,0.0,60.303274422846926,0.0,0.0,-0.0,-0.0,17.358541225631424,-0.0,-0.0,17.358541225631424,-0.0,-0.0,8.227650745952648,-0.0,-0.0,17.358541225631424
2030-01-17 10:00:00,1.0,0.0,0.0,0.0,60.303274422846926,0.0,0.0,-0.0,-0.0,17.358541225631424,-0.0,-0.0,17.358541225631424,-0.0,-0.0,8.227650745952648,-0.0,-0.0,17.358541225631424
2030-01-17 11:00:00,1.0,0.0,0.0,36.3376767056003,22.0,36.3376767056003,0.0,-0.0,11.25,5.5,-0.0,11.25,5.5,-0.0,2.5876767056003023,5.5,-0.0,11.25,5.5
2030-01-17 12:00:00,1.0,0.0,0.0,0.0,22.0,0.0,0.0,-0.0,-0.0,5.5,-0.0,-0.0,5.5,-0.0,-0.0,5.5,-0.0,-0.0,5.5
2030-01-17 13:00:00,1.0,0.0,0.0,0.0,22.0,0.0,0.0,-0.0,-0.0,5.5,-0.0,-0.0,5.5,-0.0,-0.0,5.5,-0.0,-0.0,5.5
2030-01-17 14:00:00,1.0,0.0,0.0,0.0,22.0,0.0,0.0,-0.0,-0.0,5.5,-0.0,-0.0,5.5,-0.0,-0.0,5.5,-0.0,-0.0,5.5
2030-01-17 15:00:00,1.0,0.0,0.0,0.0,22.0,0.0,0.0,-0.0,-0.0,5.5,-0.0,-0.0,5.5,-0.0,-0.0,5.5,-0.0,-0.0,5.5
2030-01-17 16:00:00,1.0,0.0,0.0,0.0,22.0,0.0,0.0,-0.0,-0.0,5.5,-0.0,-0.0,5.5,-0.0,-0.0,5.5,-0.0,-0.0,5.5
2030-01-17 17:00:00,1.0,0.0,0.0,0.0,22.0,0.0,0.0,-0.0,-0.0,5.5,-0.0,-0.0,5.5,-0.0,-0.0,5.5,-0.0,-0.0,5.5
2030-01-17 18:00:00,1.0,0.0,0.0,0.0,22.0,0.0,0.0,-0.0,-0.0,5.5,-0.0,-0.0,5.5,-0.0,-0.0,5.5,-0.0,-0.0,5.5
2030-01-17 19:00:00,1.0,0.0,0.0,0.0,22.0,0.0,0.0,-0.0,-0.0,5.5,-0.0,-0.0,5.5,-0.0,-0.0,5.5,-0.0,-0.0,5.5
2030-01-17 20:00:00,1.0,0.0,0.0,0.0,22.0,0.0,0.0,-0.0,-0.0,5.5,-0.0,-0.0,5.5,-0.0,-0.0,5.5,-0.0,-0.0,5.5
2030-01-17 21:00:00,1.0,0.0,0.0,0.0,22.0,0.0,0.0,-0.0,-0.0,5.5,-0.0,-0.0,5.5,-0.0,-0.0,5.5,-0.0,-0.0,5.5
2030-01-17 22:00:00,1.0,0.0,0.0,0.0,22.0,0.0,0.0,-0.0,-0.0,5.5,-0.0,-0.0,5.5,-0.0,-0.0,5.5,-0.0,-0.0,5.5
2030-01-17 23:00:00,1.0,0.0,0.0,0.0,22.0,0.0,0.0,-0.0,-0.0,5.5,-0.0,-0.0,5.5,-0.0,-0.0,5.5,-0.0,-0.0,5.5
2030-01-18 00:00:00,1.0,0.0,0.0,0.0,22.0,0.0,0.0,-0.0,-0.0,5.5,-0.0,-0.0,5.5,-0.0,-0.0,5.5,-0.0,-0.0,5.5
2030-01-18 01:00:00,1.0,0.0,0.0,0.0,22.0,0.0,0.0,-0.0,-0.0,5.5,-0.0,-0.0,5.5,-0.0,-0.0,5.5,-0.0,-0.0,5.5
2030-01-18 02:00:00,1.0,0.0,0.0,0.0,22.0,0.0,0.0,-0.0,-0.0,5.5,-0.0,-0.0,5.5,-0.0,-0.0,5.5,-0.0,-0.0,5.5
2030-01-18 03:00:00,1.0,0.0,0.0,0.0,22.0,0.0,0.0,-0.0,-0.0,5.5,-0.0,-0.0,5.5,-0.0,-0.0,5.5,-0.0,-0.0,5.5
2030-01-18 04:00:00,1.0,0.0,0.0,0.0,22.0,0.0,0.0,-0.0,-0.0,5.5,-0.0,-0.0,5.5,-0.0,-0.0,5.5,-0.0,-0.0,5.5
2030-01-18 05:00:00,1.0,0.0,0.0,0.0,22.0,0.0,0.0,-0.0,-0.0,5.5,-0.0,-0.0,5.5,-0.0,-0.0,5.5,-0.0,-0.0,5.5
2030-01-18 06:00:00,1.0,0.0,0.0,0.0,22.0,0.0,0.0,-0.0,-0.0,5.5,-0.0,-0.0,5.5,-0.0,-0.0,5.5,-0.0,-0.0,5.5
2030-01-18 07:00:00,1.0,0.0,0.0,0.0,22.0,0.0,0.0,-0.0,-0.0,5.5,-0.0,-0.0,5.5,-0.0,-0.0,5.5,-0.0,-0.0,5.5
2030-01-18 08:00:00,1.0,0.0,0.0,0.0,22.0,0.0,0.0,-0.0,-0.0,5.5,-0.0,-0.0,5.5,-0.0,-0.0,5.5,-0.0,-0.0,5.5
2030-01-18 09:00:00,1.0,0.0,0.0,0.0,22.0,0.0,0.0,-0.0,-0.0,5.5,-0.0,-0.0,5.5,-0.0,-0.0,5.5,-0.0,-0.0,5.5
2030-01-18 10:00:00,1.0,0.0,0.0,0.0,22.0,0.0,0.0,-0.0,-0.0,5.5,-0.0,-0.0,5.5,-0.0,-0.0,5.5,-0.0,-0.0,5.5
2030-01-18 11:00:00,1.0,0.0,0.0,0.0,22.0,0.0,0.0,-0.0,-0.0,5.5,-0.0,-0.0,5.5,-0.0,-0.0,5.5,-0.0,-0.0,5.5
2030-01-18 12:00:00,1.0,0.0,0.0,0.0,22.0,0.0,0.0,-0.0,-0.0,5.5,-0.0,-0.0,5.5,-0.0,-0.0,5.5,-0.0,-0.0,5.5
2030-01-18 13:00:00,1.0,0.0,0.0,0.0,22.0,0.0,0.0,-0.0,-0.0,5.5,-0.0,-0.0,5.5,-0.0,-0.0,5.5,-0.0,-0.0,5.5
2030-01-18 14:00:00,1.0,0.0,0.0,0.0,22.0,0.0,0.0,-0.0,-0.0,5.5,-0.0,-0.0,5.5,-0.0,-0.0,5.5,-0.0,-0.0,5.5
2030-01-18 15:00:00,1.0,0.0,0.0,0.0,22.0,0.0,0.0,-0.0,-0.0,5.5,-0.0,-0.0,5.5,-0.0,-0.0,5.5,-0.0,-0.0,5.5
2030-01-18 16:00:00,1.0,0.0,45.0,0.0,64.69074841227311,0.0,45.0,11.25,-0.0,16.172687103068277,11.25,-0.0,16.172687103068277,11.25,-0.0,16.172687103068277,11.25,-0.0,16.172687103068277
2030-01-18 17:00:00,1.0,0.0,36.868877662979244,0.0,99.66763686900917,0.0,36.868877662979244,11.25,-0.0,26.845374206136555,11.25,-0.0,26.845374206136555,3.1188776629792416,-0.0,19.1315142505995,11.25,-0.0,26.845374206136555
2030-01-18 18:00:00,1.0,0.0,0.0,45.0,52.233471966483464,45.0,0.0,-0.0,11.25,14.986832980505131,-0.0,11.25,14.986832980505131,-0.0,11.25,7.272973024968078,-0.0,11.25,14.986832980505131
2030-01-18 19:00:00,1.0,0.0,0.0,0.0,52.233471966483464,0.0,0.0,-0.0,-0.0,14.986832980505131,-0.0,-0.0,14.986832980505131,-0.0,-0.0,7.272973024968078,-0.0,-0.0,14.986832980505131
2030-01-18 20:00:00,1.0,0.0,0.0,28.68198989668129,22.0,28.68198989668129,0.0,-0.0,8.999999999999993,5.5,-0.0,8.999999999999993,5.5,-0.0,1.6819898966813134,5.5,-0.0,8.999999999999993,5.5
2030-01-18 21:00:00,1.0,0.0,0.0,0.0,22.0,0.0,0.0,-0.0,-0.0,5.5,-0.0,-0.0,5.5,-0.0,-0.0,5.5,-0.0,-0.0,5.5
2030-01-18 22:00:00,1.0,0.0,0.0,0.0,22.0,0.0,0.0,-0.0,-0.0,5.5,-0.0,-0.0,5.5,-0.0,-0.0,5.5,-0.0,-0.0,5.5
2030-01-18 23:00:00,1.0,0.0,0.0,0.0,22.0,0.0,0.0,-0.0,-0.0,5.5,-0.0,-0.0,5.5,-0.0,-0.0,5.5,-0.0,-0.0,5.5
2030-01-19 00:00:00,1.0,0.0,0.0,0.0,22.0,0.0,0.0,-0.0,-0.0,5.5,-0.0,-0.0,5.5,-0.0,-0.0,5.5,-0.0,-0.0,5.5
2030-01-19 01:00:00,1.0,0.0,0.0,0.0,22.0,0.0,0.0,-0.0,-0.0,5.5,-0.0,-0.0,5.5,-0.0,-0.0,5.5,-0.0,-0.0,5.5
2030-01-19 02:00:00,1.0,0.0,0.0,0.0,22.0,0.0,0.0,-0.0,-0.0,5.5,-0.0,-0.0,5.5,-0.0,-0.0,5.5,-0.0,-0.0,5.5
2030-01-19 03:00:00,1.0,0.0,1.3800723491362408,0.0,23.30925158772689,0.0,1.3800723491362408,-0.0,-0.0,5.5,-0.0,-0.0,5.5,-0.0,-0.0,5.5,1.3800723491362408,-0.0,6.809251587726889
2030-01-19 04:00:00,1.0,0.0,21.80404649786166,0.0,43.99438633016504,0.0,21.80404649786166,10.554046497861659,-0.0,15.512447639369872,-0.0,-0.0,5.5,-0.0,-0.0,5.5,11.25,-0.0,17.481938690795168
2030-01-19 05:00:00,1.0,0.0,41.61385513888679,0.0,83.47275566792047,0.0,41.61385513888679,11.25,-0.0,26.18513474243815,7.863855138886791,-0.0,12.960308028550603,11.25,-0.0,16.172687103068277,11.25,-0.0,28.154625793863445
2030-01-19 06:00:00,1.0,0.0,45.0,0.0,126.16350408019358,0.0,45.0,11.25,-0.0,36.85782184550643,11.25,-0.0,23.632995131618884,11.25,-0.0,26.845374206136555,11.25,-0.0,38.82731289693172
2030-01-19 07:00:00,1.0,0.0,45.0,0.0,168.85425249246668,0.0,45.0,11.25,-0.0,47.530508948574706,11.25,-0.0,34.30568223468716,11.25,-0.0,37.51806130920483,11.25,-0.0,49.5
2030-01-19 08:00:00,1.0,0.0,20.42671225889614,0.0,188.23273324656515,0.0,20.42671225889614,-0.0,-0.0,47.530508948574706,11.25,-0.0,44.97836933775544,9.176712258896139,-0.0,46.223854960235,-0.0,-0.0,49.5
2030-01-19 09:00:00,1.0,0.0,10.29560315176413,0.0,198.0,0.0,10.29560315176413,2.0760258512745793,-0.0,49.5,4.766217210249448,-0.0,49.5,3.453360090240102,-0.0,49.5,-0.0,-0.0,49.5
2030-01-19 10:00:00,1.0,0.0,0.0,41.742065114222605,154.0,41.742065114222605,0.0,-0.0,11.25,37.64145877436857,-0.0,11.25,37.64145877436857,-0.0,11.25,37.64145877436857,-0.0,7.992065114222607,41.07562367689427
2030-01-19 11:00:00,1.0,0.0,0.0,0.0,154.0,0.0,0.0,-0.0,-0.0,37.64145877436857,-0.0,-0.0,37.64145877436857,-0.0,-0.0,37.64145877436857,-0.0,-0.0,41.07562367689427
2030-01-19 12:00:00,1.0,0.0,0.0,0.0,154.0,0.0,0.0,-0.0,-0.0,37.64145877436857,-0.0,-0.0,37.64145877436857,-0.0,-0.0,37.64145877436857,-0.0,-0.0,41.07562367689427
2030-01-19 13:00:00,1.0,0.0,0.0,35.22619534266781,116.86832980505139,35.22619534266781,0.0,-0.0,7.992065114222604,29.217082451262847,-0.0,7.9920651142226005,29.217082451262847,-0.0,7.9920651142226005,29.217082451262847,-0.0,11.25,29.217082451262847
2030-01-19 14:00:00,1.0,0.0,0.0,45.0,69.4341649025257,45.0,0.0,-0.0,11.25,17.358541225631424,-0.0,11.25,17.358541225631424,-0.0,11.25,17.358541225631424,-0.0,11.25,17.358541225631424
2030-01-19 15:00:00,1.0,0.0,0.0,45.0,22.0,45.0,0.0,-0.0,11.25,5.5,-0.0,11.25,5.5,-0.0,11.25,5.5,-0.0,11.25,5.5
2030-01-19 16:00:00,1.0,0.0,0.0,0.0,22.0,0.0,0.0,-0.0,-0.0,5.5,-0.0,-0.0,5.5,-0.0,-0.0,5.5,-0.0,-0.0,5.5
2030-01-19 17:00:00,1.0,0.0,0.0,0.0,22.0,0.0,0.0,-0.0,-0.0,5.5,-0.0,-0.0,5.5,-0.0,-0.0,5.5,-0.0,-0.0,5.5
2030-01-19 18:00:00,1.0,0.0,0.0,0.0,22.0,0.0,0.0,-0.0,-0.0,5.5,-0.0,-0.0,5.5,-0.0,-0.0,5.5,-0.0,-0.0,5.5
2030-01-19 19:00:00,1.0,0.0,0.0,0.0,22.0,0.0,0.0,-0.0,-0.0,5.5,-0.0,-0.0,5.5,-0.0,-0.0,5.5,-0.0,-0.0,5.5
2030-01-19 20:00:00,1.0,0.0,0.0,0.0,22.0,0.0,0.0,-0.0,-0.0,5.5,-0.0,-0.0,5.5,-0.0,-0.0,5.5,-0.0,-0.0,5.5
2030-01-19 21:00:00,1.0,0.0,0.0,0.0,22.0,0.0,0.0,-0.0,-0.0,5.5,-0.0,-0.0,5.5,-0.0,-0.0,5.5,-0.0,-0.0,5.5
2030-01-19 22:00:00,1.0,0.0,0.0,0.0,22.0,0.0,0.0,-0.0,-0.0,5.5,-0.0,-0.0,5.5,-0.0,-0.0,5.5,-0.0,-0.0,5.5
2030-01-19 23:00:00,1.0,0.0,5.520289396544963,0.0,27.237006350907556,0.0,5.520289396544963,1.3800723491362408,-0.0,6.809251587726889,1.3800723491362408,-0.0,6.809251587726889,1.3800723491362408,-0.0,6.809251587726889,1.3800723491362408,-0.0,6.809251587726889
2030-01-20 00:00:00,1.0,0.0,45.0,0.0,69.92775476318067,0.0,45.0,11.25,-0.0,17.481938690795168,11.25,-0.0,17.481938690795168,11.25,-0.0,17.481938690795168,11.25,-0.0,17.481938690795168
2030-01-20 01:00:00,1.0,0.0,45.0,0.0,112.61850317545378,0.0,45.0,11.25,-0.0,28.154625793863445,11.25,-0.0,28.154625793863445,11.25,-0.0,28.154625793863445,11.25,-0.0,28.154625793863445
2030-01-20 02:00:00,1.0,0.0,45.0,0.0,155.3092515877269,0.0,45.0,11.25,-0.0,38.82731289693172,11.25,-0.0,38.82731289693172,11.25,-0.0,38.82731289693172,11.25,-0.0,38.82731289693172
2030-01-20 03:00:00,1.0,0.0,45.0,0.0,198.0,0.0,45.0,11.25,-0.0,49.5,11.25,-0.0,49.5,11.25,-0.0,49.5,11.25,-0.0,49.5
2030-01-20 04:00:00,1.0,0.0,0.0,0.0,198.0,0.0,0.0,-0.0,-0.0,49.5,-0.0,-0.0,49.5,-0.0,-0.0,49.5,-0.0,-0.0,49.5
2030-01-20 05:00:00,1.0,0.0,0.0,20.153918886317953,176.75590418031703,20.153918886317953,0.0,-0.0,-0.0,49.5,-0.0,11.25,37.64145877436857,-0.0,8.903918886317955,40.11444540594847,-0.0,-0.0,49.5
2030-01-20 06:00:00,1.0,0.0,0.0,39.692938593698784,134.91587318655405,39.692938593698784,0.0,-0.0,9.200873479476176,39.80142778060559,-0.0,11.25,25.78291754873715,-0.0,11.25,28.255904180317046,-0.0,7.992065114222606,41.07562367689427
2030-01-20 07:00:00,1.0,0.0,0.0,45.0,87.48170828402836,45.0,0.0,-0.0,11.25,27.94288655497417,-0.0,11.25,13.924376323105726,-0.0,11.25,16.397362954685622,-0.0,11.25,29.217082451262844
2030-01-20 08:00:00,1.0,0.0,0.0,21.36909229945334,64.95670721848255,21.36909229945334,0.0,-0.0,10.04119163474643,17.358541225631424,-0.0,-0.0,13.924376323105726,-0.0,0.0779006647069096,16.315248444113976,-0.0,11.25,17.358541225631424
2030-01-20 09:00:00,1.0,0.0,0.0,40.75231067742034,22.0,40.75231067742034,0.0,-0.0,11.25,5.5,-0.0,7.9920651142226005,5.5,-0.0,10.260245563197737,5.5,-0.0,11.25,5.5
2030-01-20 10:00:00,1.0,0.0,0.0,0.0,22.0,0.0,0.0,-0.0,-0.0,5.5,-0.0,-0.0,5.5,-0.0,-0.0,5.5,-0.0,-0.0,5.5
2030-01-20 11:00:00,1.0,0.0,0.0,0.0,22.0,0.0,0.0,-0.0,-0.0,5.5,-0.0,-0.0,5.5,-0.0,-0.0,5.5,-0.0,-0.0,5.5
2030-01-20 12:00:00,1.0,0.0,9.962966453431584,0.0,31.451699873408103,0.0,9.962966453431584,-0.0,-0.0,5.5,-0.0,-0.0,5.5,-0.0,-0.0,5.5,9.962966453431584,-0.0,14.951699873408105
2030-01-20 13:00:00,1.0,0.0,36.72182344939996,0.0,66.28908045381355,0.0,36.72182344939996,11.25,-0.0,16.172687103068277,9.525253875979201,-0.0,14.536449261832388,4.696569573420756,-0.0,9.955557112436498,11.25,-0.0,25.624386976476384
2030-01-20 14:00:00,1.0,0.0,0.0,21.07277654006321,44.07642362369281,21.07277654006321,0.0,-0.0,2.492113165904584,13.545769172684423,-0.0,7.330663374158664,6.809251587726889,-0.0,-0.0,9.955557112436498,-0.0,11.249999999999961,13.765845750845
2030-01-20 15:00:00,1.0,0.0,15.399086977919115,0.0,58.68528024487184,0.0,15.399086977919115,4.149086977919114,-0.0,17.481938690795168,-0.0,-0.0,6.809251587726889,-0.0,-0.0,9.955557112436498,11.25,-0.0,24.43853285391328
2030-01-20 16:00:00,1.0,0.0,0.0,0.0,58.68528024487186,0.0,0.0,-0.0,-0.0,17.481938690795168,-0.0,-0.0,6.809251587726889,-0.0,-0.0,9.955557112436498,-0.0,-0.0,24.438532853913305
2030-01-20 17:00:00,1.0,0.0,45.0,0.0,101.37602865714499,0.0,45.0,11.25,-0.0,28.154625793863445,11.25,-0.0,17.481938690795168,11.25,-0.0,20.62824421550478,11.25,-0.0,35.111219956981586
2030-01-20 18:00:00,1.0,0.0,19.183502775715482,0.0,119.57509733857192,0.0,19.183502775715482,-0.0,-0.0,28.154625793863445,11.25,-0.0,28.154625793863445,7.933502775715483,-0.0,28.154625793863445,-0.0,-0.0,35.111219956981586
2030-01-20 19:00:00,1.0,0.0,37.66710589570459,0.0,155.3092515877269,0.0,37.66710589570459,11.25,-0.0,38.82731289693172,11.25,-0.0,38.82731289693172,11.25,-0.0,38.82731289693172,3.9171058957045872,-0.0,38.82731289693172
2030-01-20 20:00:00,1.0,0.0,45.0,0.0,198.0,0.0,45.0,11.25,-0.0,49.5,11.25,-0.0,49.5,11.25,-0.0,49.5,11.25,-0.0,49.5
2030-01-20 21:00:00,1.0,0.0,0.0,0.0,198.0,0.0,0.0,-0.0,-0.0,49.5,-0.0,-0.0,49.5,-0.0,-0.0,49.5,-0.0,-0.0,49.5
2030-01-20 22:00:00,1.0,0.0,0.0,0.0,198.0,0.0,0.0,-0.0,-0.0,49.5,-0.0,-0.0,49.5,-0.0,-0.0,49.5,-0.0,-0.0,49.5
2030-01-20 23:00:00,1.0,0.0,0.0,0.0,198.0,0.0,0.0,-0.0,-0.0,49.5,-0.0,-0.0,49.5,-0.0,-0.0,49.5,-0.0,-0.0,49.5
2030-01-21 00:00:00,1.0,0.0,0.0,0.0,198.0,0.0,0.0,-0.0,-0.0,49.5,-0.0,-0.0,49.5,-0.0,-0.0,49.5,-0.0,-0.0,49.5
2030-01-21 01:00:00,1.0,0.0,0.0,45.0,150.5658350974743,45.0,0.0,-0.0,11.25,37.64145877436857,-0.0,11.25,37.64145877436857,-0.0,11.25,37.64145877436858,-0.0,11.25,37.64145877436857
2030-01-21 02:00:00,1.0,0.0,0.0,0.0,150.5658350974743,0.0,0.0,-0.0,-0.0,37.64145877436857,-0.0,-0.0,37.64145877436857,-0.0,-0.0,37.64145877436858,-0.0,-0.0,37.64145877436857
2030-01-21 03:00:00,1.0,0.0,0.0,31.968260456890512,116.86832980505139,31.968260456890512,0.0,-0.0,7.992065114222607,29.217082451262847,-0.0,7.992065114222633,29.217082451262847,-0.0,7.992065114222607,29.217082451262847,-0.0,7.992065114222667,29.217082451262847
2030-01-21 04:00:00,1.0,0.0,0.0,45.0,69.4341649025257,45.0,0.0,-0.0,11.25,17.358541225631424,-0.0,11.25,17.358541225631424,-0.0,11.25,17.358541225631424,-0.0,11.25,17.358541225631424
2030-01-21 05:00:00,1.0,0.0,0.0,45.0,22.0,45.0,0.0,-0.0,11.25,5.5,-0.0,11.25,5.5,-0.0,11.25,5.5,-0.0,11.25,5.5
