dataset,policy,case,cost_scenario,contract_years,installed_plant_eur,connection_allowance_eur,upfront_capex_eur,annual_fixed_opex_including_augmentation_eur,annual_gtuos_proxy_eur,annual_house_load_incremental_cost_eur,discount_rate,operating_years,npv_eur,irr,irr_status,simple_payback_years,discounted_payback_years,sustained_simple_payback_years,sustained_discounted_payback_years,lifetime_net_cashflow_eur,lifetime_maintenance_capex_eur,lifetime_discharge_throughput_mwh,cashflow_basis,implicit_degradation_or_revenue_growth,system_benefits_included_in_project_cashflow,conditional_contract_years,capacity_reference_derating,capacity_reference_mw_if_awarded,money_basis,maintained_capacity_by_inclusive_augmentation_assumption,future_historical_energy_pattern_repeat_is_not_forecast,secured_capacity_and_services_eur,site_grid_feasibility_verified,additional_annual_net_contract_eur,year_1_net_operating_cashflow_eur,alternative_whole_asset_toll_floor_eur_year
2023,causal,energy_only,low_cost,0,41035388.10478358,2000000,43035388.10478358,1641415.5241913432,817161.2788640594,100000,0.07,15,-45061715.22079417,,no_real_irr,,,,,-46892987.4229635,0.0,1151996.2862325348,pretax_unlevered_constant_real_eur_year_end,False,False,0,0.1889157620326909,0.0,constant_2024_EUR,True,True,0,False,4947534.111050731,-171102.5116690942,7335008.402437039
2023,causal,energy_only,reference_cost,0,70924028.97291689,5000000,75924028.97291689,2836961.1589166755,894754.6606145252,100000,0.07,15,-89903607.47676134,,no_real_irr,,,,,-99865372.76427776,0.0,1151996.2862325348,pretax_unlevered_constant_real_eur_year_end,False,False,0,0.1889157620326909,0.0,constant_2024_EUR,True,True,0,False,9870932.842177618,-1444241.5281448923,12258407.133563925
2023,causal,energy_only,high_cost,0,107627903.8888622,10000000,117627903.8888622,4305116.155554488,940469.0851955308,100000,0.07,15,-145849137.00014043,,no_real_irr,,,,,-165528405.24598372,0.0,1151996.2862325348,pretax_unlevered_constant_real_eur_year_end,False,False,0,0.1889157620326909,0.0,constant_2024_EUR,True,True,0,False,16013451.259896109,-2958110.9493637104,18400925.551282413
2023,causal,capacity_t1_reference,low_cost,1,41035388.10478358,2000000,43035388.10478358,1641415.5241913432,817161.2788640594,100000,0.07,15,-44504453.62270401,,no_real_irr,,,,,-46296717.51300703,0.0,1147116.147743384,pretax_unlevered_constant_real_eur_year_end,False,False,1,0.1889157620326909,15.576104579595365,constant_2024_EUR,True,True,0,False,4886349.783028138,425167.39828737685,7335008.402437039
2023,causal,capacity_t1_reference,low_cost,15,41035388.10478358,2000000,43035388.10478358,1641415.5241913432,817161.2788640594,100000,0.07,15,-39630940.15707645,,no_real_irr,,,,,-37948938.77361643,0.0,1078794.2088952716,pretax_unlevered_constant_real_eur_year_end,False,False,15,0.1889157620326909,15.576104579595365,constant_2024_EUR,True,True,0,False,4351264.201094259,425167.39828737685,7335008.402437039
2023,causal,capacity_t1_reference,reference_cost,1,70924028.97291689,5000000,75924028.97291689,2836961.1589166755,894754.6606145252,100000,0.07,15,-89346345.87867118,,no_real_irr,,,,,-99269102.8543213,0.0,1147116.147743384,pretax_unlevered_constant_real_eur_year_end,False,False,1,0.1889157620326909,15.576104579595365,constant_2024_EUR,True,True,0,False,9809748.514155028,-847971.6181884212,12258407.133563925
2023,causal,capacity_t1_reference,reference_cost,15,70924028.97291689,5000000,75924028.97291689,2836961.1589166755,894754.6606145252,100000,0.07,15,-84472832.4130436,,no_real_irr,,,,,-90921324.1149307,0.0,1078794.2088952716,pretax_unlevered_constant_real_eur_year_end,False,False,15,0.1889157620326909,15.576104579595365,constant_2024_EUR,True,True,0,False,9274662.932221144,-847971.6181884212,12258407.133563925
2023,causal,capacity_t1_reference,high_cost,1,107627903.8888622,10000000,117627903.8888622,4305116.155554488,940469.0851955308,100000,0.07,15,-145291875.40205026,,no_real_irr,,,,,-164932135.33602726,0.0,1147116.147743384,pretax_unlevered_constant_real_eur_year_end,False,False,1,0.1889157620326909,15.576104579595365,constant_2024_EUR,True,True,0,False,15952266.931873512,-2361841.0394072398,18400925.551282413
2023,causal,capacity_t1_reference,high_cost,15,107627903.8888622,10000000,117627903.8888622,4305116.155554488,940469.0851955308,100000,0.07,15,-140418361.9364227,,no_real_irr,,,,,-156584356.59663665,0.0,1078794.2088952716,pretax_unlevered_constant_real_eur_year_end,False,False,15,0.1889157620326909,15.576104579595365,constant_2024_EUR,True,True,0,False,15417181.349939637,-2361841.0394072398,18400925.551282413
2023,causal,capacity_t4_reference,low_cost,1,41035388.10478358,2000000,43035388.10478358,1641415.5241913432,817161.2788640594,100000,0.07,15,-43391773.31065568,,no_real_irr,,,,,-45106149.57911532,0.0,1147116.147743384,pretax_unlevered_constant_real_eur_year_end,False,False,1,0.1889157620326909,15.576104579595365,constant_2024_EUR,True,True,0,False,4764183.465754593,1615735.3321790933,7335008.402437039
2023,causal,capacity_t4_reference,low_cost,15,41035388.10478358,2000000,43035388.10478358,1641415.5241913432,817161.2788640594,100000,0.07,15,-28787349.79795023,-0.0734706752716731,unique,,,,,-20090419.765240688,0.0,1078794.2088952716,pretax_unlevered_constant_real_eur_year_end,False,False,15,0.1889157620326909,15.576104579595365,constant_2024_EUR,True,True,0,False,3160696.2672025426,1615735.3321790933,7335008.402437039
2023,causal,capacity_t4_reference,reference_cost,1,70924028.97291689,5000000,75924028.97291689,2836961.1589166755,894754.6606145252,100000,0.07,15,-88233665.56662285,,no_real_irr,,,,,-98078534.9204296,0.0,1147116.147743384,pretax_unlevered_constant_real_eur_year_end,False,False,1,0.1889157620326909,15.576104579595365,constant_2024_EUR,True,True,0,False,9687582.19688148,342596.3157032952,12258407.133563925
2023,causal,capacity_t4_reference,reference_cost,15,70924028.97291689,5000000,75924028.97291689,2836961.1589166755,894754.6606145252,100000,0.07,15,-73629242.0539174,,no_real_irr,,,,,-73062805.10655497,0.0,1078794.2088952716,pretax_unlevered_constant_real_eur_year_end,False,False,15,0.1889157620326909,15.576104579595365,constant_2024_EUR,True,True,0,False,8084094.998329429,342596.3157032952,12258407.133563925
2023,causal,capacity_t4_reference,high_cost,1,107627903.8888622,10000000,117627903.8888622,4305116.155554488,940469.0851955308,100000,0.07,15,-144179195.0900019,,no_real_irr,,,,,-163741567.40213555,0.0,1147116.147743384,pretax_unlevered_constant_real_eur_year_end,False,False,1,0.1889157620326909,15.576104579595365,constant_2024_EUR,True,True,0,False,15830100.614599967,-1171273.1055155229,18400925.551282413
2023,causal,capacity_t4_reference,high_cost,15,107627903.8888622,10000000,117627903.8888622,4305116.155554488,940469.0851955308,100000,0.07,15,-129574771.57729648,,no_real_irr,,,,,-138725837.58826092,0.0,1078794.2088952716,pretax_unlevered_constant_real_eur_year_end,False,False,15,0.1889157620326909,15.576104579595365,constant_2024_EUR,True,True,0,False,14226613.416047918,-1171273.1055155229,18400925.551282413
2023,causal,services_2,low_cost,1,41035388.10478358,2000000,43035388.10478358,1641415.5241913432,817161.2788640594,100000,0.07,15,-44711148.72888749,,no_real_irr,,,,,-46517881.27662335,0.0,1148211.7565108405,pretax_unlevered_constant_real_eur_year_end,False,False,1,0.1889157620326909,0.0,constant_2024_EUR,True,True,0,False,4909043.794639088,204003.634671052,7335008.402437039
2023,causal,services_2,low_cost,15,41035388.10478358,2000000,43035388.10478358,1641415.5241913432,817161.2788640594,100000,0.07,15,-41645280.69714022,,no_real_irr,,,,,-41266395.22786131,0.0,1095228.340407119,pretax_unlevered_constant_real_eur_year_end,False,False,15,0.1889157620326909,0.0,constant_2024_EUR,True,True,0,False,4572427.964710583,204003.634671052,7335008.402437039
2023,causal,services_2,reference_cost,1,70924028.97291689,5000000,75924028.97291689,2836961.1589166755,894754.6606145252,100000,0.07,15,-89553040.98485465,,no_real_irr,,,,,-99490266.61793762,0.0,1148211.7565108405,pretax_unlevered_constant_real_eur_year_end,False,False,1,0.1889157620326909,0.0,constant_2024_EUR,True,True,0,False,9832442.525765976,-1069135.3818047456,12258407.133563925
2023,causal,services_2,reference_cost,15,70924028.97291689,5000000,75924028.97291689,2836961.1589166755,894754.6606145252,100000,0.07,15,-86487172.95310739,,no_real_irr,,,,,-94238780.56917556,0.0,1095228.340407119,pretax_unlevered_constant_real_eur_year_end,False,False,15,0.1889157620326909,0.0,constant_2024_EUR,True,True,0,False,9495826.69583747,-1069135.3818047456,12258407.133563925
2023,causal,services_2,high_cost,1,107627903.8888622,10000000,117627903.8888622,4305116.155554488,940469.0851955308,100000,0.07,15,-145498570.50823373,,no_real_irr,,,,,-165153299.0996436,0.0,1148211.7565108405,pretax_unlevered_constant_real_eur_year_end,False,False,1,0.1889157620326909,0.0,constant_2024_EUR,True,True,0,False,15974960.943484465,-2583004.8030235646,18400925.551282413
2023,causal,services_2,high_cost,15,107627903.8888622,10000000,117627903.8888622,4305116.155554488,940469.0851955308,100000,0.07,15,-142432702.47648647,,no_real_irr,,,,,-159901813.05088153,0.0,1095228.340407119,pretax_unlevered_constant_real_eur_year_end,False,False,15,0.1889157620326909,0.0,constant_2024_EUR,True,True,0,False,15638345.11355596,-2583004.8030235646,18400925.551282413
2023,causal,services_4,low_cost,1,41035388.10478358,2000000,43035388.10478358,1641415.5241913432,817161.2788640594,100000,0.07,15,-44041333.13590836,,no_real_irr,,,,,-45801178.59213568,0.0,1135195.7066913582,pretax_unlevered_constant_real_eur_year_end,False,False,1,0.1889157620326909,0.0,constant_2024_EUR,True,True,0,False,4835501.642989063,920706.3191587264,7335008.402437039
2023,causal,services_4,low_cost,15,41035388.10478358,2000000,43035388.10478358,1641415.5241913432,817161.2788640594,100000,0.07,15,-35117614.27959561,,multiple_roots,,,,,-30515854.96054619,0.0,899987.5931148833,pretax_unlevered_constant_real_eur_year_end,False,False,15,0.1889157620326909,0.0,constant_2024_EUR,True,True,0,False,3855725.280222909,920706.3191587264,7335008.402437039
2023,causal,services_4,reference_cost,1,70924028.97291689,5000000,75924028.97291689,2836961.1589166755,894754.6606145252,100000,0.07,15,-88883225.39187552,,no_real_irr,,,,,-98773563.93344995,0.0,1135195.7066913582,pretax_unlevered_constant_real_eur_year_end,False,False,1,0.1889157620326909,0.0,constant_2024_EUR,True,True,0,False,9758900.37411595,-352432.6973170722,12258407.133563925
2023,causal,services_4,reference_cost,15,70924028.97291689,5000000,75924028.97291689,2836961.1589166755,894754.6606145252,100000,0.07,15,-79959506.53556278,,no_real_irr,,,,,-83488240.30186048,0.0,899987.5931148833,pretax_unlevered_constant_real_eur_year_end,False,False,15,0.1889157620326909,0.0,constant_2024_EUR,True,True,0,False,8779124.011349797,-352432.6973170722,12258407.133563925
2023,causal,services_4,high_cost,1,107627903.8888622,10000000,117627903.8888622,4305116.155554488,940469.0851955308,100000,0.07,15,-144828754.9152546,,no_real_irr,,,,,-164436596.41515592,0.0,1135195.7066913582,pretax_unlevered_constant_real_eur_year_end,False,False,1,0.1889157620326909,0.0,constant_2024_EUR,True,True,0,False,15901418.791834436,-1866302.1185358912,18400925.551282413
2023,causal,services_4,high_cost,15,107627903.8888622,10000000,117627903.8888622,4305116.155554488,940469.0851955308,100000,0.07,15,-135905036.05894187,,no_real_irr,,,,,-149151272.78356645,0.0,899987.5931148833,pretax_unlevered_constant_real_eur_year_end,False,False,15,0.1889157620326909,0.0,constant_2024_EUR,True,True,0,False,14921642.429068286,-1866302.1185358912,18400925.551282413
2023,causal,services_6,low_cost,1,41035388.10478358,2000000,43035388.10478358,1641415.5241913432,817161.2788640594,100000,0.07,15,-43108666.03839228,,no_real_irr,,,,,-44803224.79779348,0.0,1122809.7114806753,pretax_unlevered_constant_real_eur_year_end,False,False,1,0.1889157620326909,0.0,constant_2024_EUR,True,True,0,False,4733099.809046307,1918660.113500929,7335008.402437039
2023,causal,services_6,low_cost,15,41035388.10478358,2000000,43035388.10478358,1641415.5241913432,817161.2788640594,100000,0.07,15,-26028336.939654466,-0.0535719950567045,unique,,,,,-15546548.045413151,0.0,714197.6649546395,pretax_unlevered_constant_real_eur_year_end,False,False,15,0.1889157620326909,0.0,constant_2024_EUR,True,True,0,False,2857771.4858807074,1918660.113500929,7335008.402437039
2023,causal,services_6,reference_cost,1,70924028.97291689,5000000,75924028.97291689,2836961.1589166755,894754.6606145252,100000,0.07,15,-87950558.29435945,,no_real_irr,,,,,-97775610.13910776,0.0,1122809.7114806753,pretax_unlevered_constant_real_eur_year_end,False,False,1,0.1889157620326909,0.0,constant_2024_EUR,True,True,0,False,9656498.540173195,645521.0970251309,12258407.133563925
2023,causal,services_6,reference_cost,15,70924028.97291689,5000000,75924028.97291689,2836961.1589166755,894754.6606145252,100000,0.07,15,-70870229.19562162,,no_real_irr,,,,,-68518933.38672742,0.0,714197.6649546395,pretax_unlevered_constant_real_eur_year_end,False,False,15,0.1889157620326909,0.0,constant_2024_EUR,True,True,0,False,7781170.217007594,645521.0970251309,12258407.133563925
2023,causal,services_6,high_cost,1,107627903.8888622,10000000,117627903.8888622,4305116.155554488,940469.0851955308,100000,0.07,15,-143896087.81773853,,no_real_irr,,,,,-163438642.6208137,0.0,1122809.7114806753,pretax_unlevered_constant_real_eur_year_end,False,False,1,0.1889157620326909,0.0,constant_2024_EUR,True,True,0,False,15799016.957891684,-868348.3241936872,18400925.551282413
2023,causal,services_6,high_cost,15,107627903.8888622,10000000,117627903.8888622,4305116.155554488,940469.0851955308,100000,0.07,15,-126815758.7190007,,no_real_irr,,,,,-134181965.8684334,0.0,714197.6649546395,pretax_unlevered_constant_real_eur_year_end,False,False,15,0.1889157620326909,0.0,constant_2024_EUR,True,True,0,False,13923688.63472608,-868348.3241936872,18400925.551282413
2023,causal,stack_t1_services4,low_cost,1,41035388.10478358,2000000,43035388.10478358,1641415.5241913432,817161.2788640594,100000,0.07,15,-43818891.3635358,,no_real_irr,,,,,-45563165.89569704,0.0,1128938.5369065562,pretax_unlevered_constant_real_eur_year_end,False,False,1,0.1889157620326909,15.576104579595365,constant_2024_EUR,True,True,0,False,4811078.73207359,1158719.015597363,7335008.402437039
2023,causal,stack_t1_services4,low_cost,15,41035388.10478358,2000000,43035388.10478358,1641415.5241913432,817161.2788640594,100000,0.07,15,-32949815.108308367,-0.1110971660760438,unique,,,,,-26945664.51396664,0.0,806130.0463428529,pretax_unlevered_constant_real_eur_year_end,False,False,15,0.1889157620326909,15.576104579595365,constant_2024_EUR,True,True,0,False,3617712.583784273,1158719.015597363,7335008.402437039
2023,causal,stack_t1_services4,reference_cost,1,70924028.97291689,5000000,75924028.97291689,2836961.1589166755,894754.6606145252,100000,0.07,15,-88660783.61950296,,no_real_irr,,,,,-98535551.23701131,0.0,1128938.5369065562,pretax_unlevered_constant_real_eur_year_end,False,False,1,0.1889157620326909,15.576104579595365,constant_2024_EUR,True,True,0,False,9734477.463200478,-114420.00087843556,12258407.133563925
2023,causal,stack_t1_services4,reference_cost,15,70924028.97291689,5000000,75924028.97291689,2836961.1589166755,894754.6606145252,100000,0.07,15,-77791707.36427554,,no_real_irr,,,,,-79918049.85528092,0.0,806130.0463428529,pretax_unlevered_constant_real_eur_year_end,False,False,15,0.1889157620326909,15.576104579595365,constant_2024_EUR,True,True,0,False,8541111.31491116,-114420.00087843556,12258407.133563925
2023,causal,stack_t1_services4,high_cost,1,107627903.8888622,10000000,117627903.8888622,4305116.155554488,940469.0851955308,100000,0.07,15,-144606313.14288205,,no_real_irr,,,,,-164198583.71871728,0.0,1128938.5369065562,pretax_unlevered_constant_real_eur_year_end,False,False,1,0.1889157620326909,15.576104579595365,constant_2024_EUR,True,True,0,False,15876995.880918968,-1628289.4220972536,18400925.551282413
2023,causal,stack_t1_services4,high_cost,15,107627903.8888622,10000000,117627903.8888622,4305116.155554488,940469.0851955308,100000,0.07,15,-133737236.88765462,,no_real_irr,,,,,-145581082.33698687,0.0,806130.0463428529,pretax_unlevered_constant_real_eur_year_end,False,False,15,0.1889157620326909,15.576104579595365,constant_2024_EUR,True,True,0,False,14683629.73262965,-1628289.4220972536,18400925.551282413
2023,causal,stack_t4_services4,low_cost,1,41035388.10478358,2000000,43035388.10478358,1641415.5241913432,817161.2788640594,100000,0.07,15,-42706211.05148747,,no_real_irr,,,,,-44372597.96180533,0.0,1128938.5369065562,pretax_unlevered_constant_real_eur_year_end,False,False,1,0.1889157620326909,15.576104579595365,constant_2024_EUR,True,True,0,False,4688912.414800045,2349286.9494890794,7335008.402437039
2023,causal,stack_t4_services4,low_cost,15,41035388.10478358,2000000,43035388.10478358,1641415.5241913432,817161.2788640594,100000,0.07,15,-22106224.749182142,-0.0292406009428735,unique,,,,,-9087145.505590895,0.0,806130.0463428529,pretax_unlevered_constant_real_eur_year_end,False,False,15,0.1889157620326909,15.576104579595365,constant_2024_EUR,True,True,0,False,2427144.649892556,2349286.9494890794,7335008.402437039
2023,causal,stack_t4_services4,reference_cost,1,70924028.97291689,5000000,75924028.97291689,2836961.1589166755,894754.6606145252,100000,0.07,15,-87548103.30745463,,no_real_irr,,,,,-97344983.3031196,0.0,1128938.5369065562,pretax_unlevered_constant_real_eur_year_end,False,False,1,0.1889157620326909,15.576104579595365,constant_2024_EUR,True,True,0,False,9612311.145926932,1076147.9330132809,12258407.133563925
2023,causal,stack_t4_services4,reference_cost,15,70924028.97291689,5000000,75924028.97291689,2836961.1589166755,894754.6606145252,100000,0.07,15,-66948117.00514931,,multiple_roots,,,,,-62059530.84690518,0.0,806130.0463428529,pretax_unlevered_constant_real_eur_year_end,False,False,15,0.1889157620326909,15.576104579595365,constant_2024_EUR,True,True,0,False,7350543.381019443,1076147.9330132809,12258407.133563925
2023,causal,stack_t4_services4,high_cost,1,107627903.8888622,10000000,117627903.8888622,4305116.155554488,940469.0851955308,100000,0.07,15,-143493632.8308337,,no_real_irr,,,,,-163008015.78482556,0.0,1128938.5369065562,pretax_unlevered_constant_real_eur_year_end,False,False,1,0.1889157620326909,15.576104579595365,constant_2024_EUR,True,True,0,False,15754829.56364542,-437721.4882055372,18400925.551282413
2023,causal,stack_t4_services4,high_cost,15,107627903.8888622,10000000,117627903.8888622,4305116.155554488,940469.0851955308,100000,0.07,15,-122893646.5285284,,no_real_irr,,,,,-127722563.32861114,0.0,806130.0463428529,pretax_unlevered_constant_real_eur_year_end,False,False,15,0.1889157620326909,15.576104579595365,constant_2024_EUR,True,True,0,False,13493061.798737934,-437721.4882055372,18400925.551282413
2023,daily_oracle,energy_only,low_cost,0,41035388.10478358,2000000,43035388.10478358,1641415.5241913432,817161.2788640594,100000,0.07,15,-30687913.625479832,-0.0891776620370162,unique,,,,,-23220495.1476995,0.0,1172831.100508889,pretax_unlevered_constant_real_eur_year_end,False,False,0,0.1889157620326909,0.0,constant_2024_EUR,True,True,0,False,3369367.959366464,1407063.6400151723,7335008.402437039
2023,daily_oracle,energy_only,reference_cost,0,70924028.97291689,5000000,75924028.97291689,2836961.1589166755,894754.6606145252,100000,0.07,15,-75529805.88144699,,no_real_irr,,,,,-76192880.48901378,0.0,1172831.100508889,pretax_unlevered_constant_real_eur_year_end,False,False,0,0.1889157620326909,0.0,constant_2024_EUR,True,True,0,False,8292766.69049335,133924.6235393742,12258407.133563925
2023,daily_oracle,energy_only,high_cost,0,107627903.8888622,10000000,117627903.8888622,4305116.155554488,940469.0851955308,100000,0.07,15,-131475335.40482607,,no_real_irr,,,,,-141855912.97071972,0.0,1172831.100508889,pretax_unlevered_constant_real_eur_year_end,False,False,0,0.1889157620326909,0.0,constant_2024_EUR,True,True,0,False,14435285.10821184,-1379944.7976794438,18400925.551282413
2023,daily_oracle,capacity_t1_reference,low_cost,1,41035388.10478358,2000000,43035388.10478358,1641415.5241913432,817161.2788640594,100000,0.07,15,-30390149.844140984,-0.0883552911038677,unique,,,,,-22901887.901666936,0.0,1167529.2759204267,pretax_unlevered_constant_real_eur_year_end,False,False,1,0.1889157620326909,15.576104579595365,constant_2024_EUR,True,True,0,False,3336675.096744812,1725670.88604774,7335008.402437039
2023,daily_oracle,capacity_t1_reference,low_cost,15,41035388.10478358,2000000,43035388.10478358,1641415.5241913432,817161.2788640594,100000,0.07,15,-27786066.227210544,-0.0659108640420832,unique,,,,,-18441386.457210988,0.0,1093303.7316819534,pretax_unlevered_constant_real_eur_year_end,False,False,15,0.1889157620326909,15.576104579595365,constant_2024_EUR,True,True,0,False,3050760.713333895,1725670.88604774,7335008.402437039
2023,daily_oracle,capacity_t1_reference,reference_cost,1,70924028.97291689,5000000,75924028.97291689,2836961.1589166755,894754.6606145252,100000,0.07,15,-75232042.10010815,,no_real_irr,,,,,-75874273.24298121,0.0,1167529.2759204267,pretax_unlevered_constant_real_eur_year_end,False,False,1,0.1889157620326909,15.576104579595365,constant_2024_EUR,True,True,0,False,8260073.827871699,452531.8695719419,12258407.133563925
2023,daily_oracle,capacity_t1_reference,reference_cost,15,70924028.97291689,5000000,75924028.97291689,2836961.1589166755,894754.6606145252,100000,0.07,15,-72627958.48317772,,no_real_irr,,,,,-71413771.79852526,0.0,1093303.7316819534,pretax_unlevered_constant_real_eur_year_end,False,False,15,0.1889157620326909,15.576104579595365,constant_2024_EUR,True,True,0,False,7974159.444460783,452531.8695719419,12258407.133563925
2023,daily_oracle,capacity_t1_reference,high_cost,1,107627903.8888622,10000000,117627903.8888622,4305116.155554488,940469.0851955308,100000,0.07,15,-131177571.62348723,,no_real_irr,,,,,-141537305.72468716,0.0,1167529.2759204267,pretax_unlevered_constant_real_eur_year_end,False,False,1,0.1889157620326909,15.576104579595365,constant_2024_EUR,True,True,0,False,14402592.245590188,-1061337.551646877,18400925.551282413
2023,daily_oracle,capacity_t1_reference,high_cost,15,107627903.8888622,10000000,117627903.8888622,4305116.155554488,940469.0851955308,100000,0.07,15,-128573488.0065568,,no_real_irr,,,,,-137076804.28023124,0.0,1093303.7316819534,pretax_unlevered_constant_real_eur_year_end,False,False,15,0.1889157620326909,15.576104579595365,constant_2024_EUR,True,True,0,False,14116677.862179272,-1061337.551646877,18400925.551282413
2023,daily_oracle,capacity_t4_reference,low_cost,1,41035388.10478358,2000000,43035388.10478358,1641415.5241913432,817161.2788640594,100000,0.07,15,-29277469.53209265,-0.0852171114238121,unique,,,,,-21711319.96777522,0.0,1167529.2759204267,pretax_unlevered_constant_real_eur_year_end,False,False,1,0.1889157620326909,15.576104579595365,constant_2024_EUR,True,True,0,False,3214508.7794712665,2916238.8199394564,7335008.402437039
2023,daily_oracle,capacity_t4_reference,low_cost,15,41035388.10478358,2000000,43035388.10478358,1641415.5241913432,817161.2788640594,100000,0.07,15,-16942475.868084338,-0.0017461597804745,unique,,,,,-582867.4488352409,0.0,1093303.7316819534,pretax_unlevered_constant_real_eur_year_end,False,False,15,0.1889157620326909,15.576104579595365,constant_2024_EUR,True,True,0,False,1860192.77944218,2916238.8199394564,7335008.402437039
2023,daily_oracle,capacity_t4_reference,reference_cost,1,70924028.97291689,5000000,75924028.97291689,2836961.1589166755,894754.6606145252,100000,0.07,15,-74119361.78805982,,no_real_irr,,,,,-74683705.3090895,0.0,1167529.2759204267,pretax_unlevered_constant_real_eur_year_end,False,False,1,0.1889157620326909,15.576104579595365,constant_2024_EUR,True,True,0,False,8137907.510598154,1643099.8034636583,12258407.133563925
2023,daily_oracle,capacity_t4_reference,reference_cost,15,70924028.97291689,5000000,75924028.97291689,2836961.1589166755,894754.6606145252,100000,0.07,15,-61784368.12405151,,multiple_roots,,,,,-53555252.79014952,0.0,1093303.7316819534,pretax_unlevered_constant_real_eur_year_end,False,False,15,0.1889157620326909,15.576104579595365,constant_2024_EUR,True,True,0,False,6783591.510569068,1643099.8034636583,12258407.133563925
2023,daily_oracle,capacity_t4_reference,high_cost,1,107627903.8888622,10000000,117627903.8888622,4305116.155554488,940469.0851955308,100000,0.07,15,-130064891.3114389,,no_real_irr,,,,,-140346737.79079545,0.0,1167529.2759204267,pretax_unlevered_constant_real_eur_year_end,False,False,1,0.1889157620326909,15.576104579595365,constant_2024_EUR,True,True,0,False,14280425.928316643,129230.38224483932,18400925.551282413
2023,daily_oracle,capacity_t4_reference,high_cost,15,107627903.8888622,10000000,117627903.8888622,4305116.155554488,940469.0851955308,100000,0.07,15,-117729897.64743058,,no_real_irr,,,,,-119218285.27185547,0.0,1093303.7316819534,pretax_unlevered_constant_real_eur_year_end,False,False,15,0.1889157620326909,15.576104579595365,constant_2024_EUR,True,True,0,False,12926109.928287556,129230.38224483932,18400925.551282413
2023,daily_oracle,services_2,low_cost,1,41035388.10478358,2000000,43035388.10478358,1641415.5241913432,817161.2788640594,100000,0.07,15,-30300324.96249775,-0.0881057899558129,unique,,,,,-22805775.278308675,0.0,1171807.1027732885,pretax_unlevered_constant_real_eur_year_end,False,False,1,0.1889157620326909,0.0,constant_2024_EUR,True,True,0,False,3326812.8075759807,1821783.5094059997,7335008.402437039
2023,daily_oracle,services_2,low_cost,15,41035388.10478358,2000000,43035388.10478358,1641415.5241913432,817161.2788640594,100000,0.07,15,-26910680.71885809,-0.0596306219625553,unique,,,,,-16999697.106837094,0.0,1157471.1344748829,pretax_unlevered_constant_real_eur_year_end,False,False,15,0.1889157620326909,0.0,constant_2024_EUR,True,True,0,False,2954648.089975637,1821783.5094059997,7335008.402437039
2023,daily_oracle,services_2,reference_cost,1,70924028.97291689,5000000,75924028.97291689,2836961.1589166755,894754.6606145252,100000,0.07,15,-75142217.21846491,,no_real_irr,,,,,-75778160.61962295,0.0,1171807.1027732885,pretax_unlevered_constant_real_eur_year_end,False,False,1,0.1889157620326909,0.0,constant_2024_EUR,True,True,0,False,8250211.538702868,548644.4929302018,12258407.133563925
2023,daily_oracle,services_2,reference_cost,15,70924028.97291689,5000000,75924028.97291689,2836961.1589166755,894754.6606145252,100000,0.07,15,-71752572.97482525,,no_real_irr,,,,,-69972082.44815136,0.0,1157471.1344748829,pretax_unlevered_constant_real_eur_year_end,False,False,15,0.1889157620326909,0.0,constant_2024_EUR,True,True,0,False,7878046.821102523,548644.4929302018,12258407.133563925
2023,daily_oracle,services_2,high_cost,1,107627903.8888622,10000000,117627903.8888622,4305116.155554488,940469.0851955308,100000,0.07,15,-131087746.741844,,no_real_irr,,,,,-141441193.1013289,0.0,1171807.1027732885,pretax_unlevered_constant_real_eur_year_end,False,False,1,0.1889157620326909,0.0,constant_2024_EUR,True,True,0,False,14392729.956421357,-965224.9282886162,18400925.551282413
2023,daily_oracle,services_2,high_cost,15,107627903.8888622,10000000,117627903.8888622,4305116.155554488,940469.0851955308,100000,0.07,15,-127698102.49820432,,no_real_irr,,,,,-135635114.9298573,0.0,1157471.1344748829,pretax_unlevered_constant_real_eur_year_end,False,False,15,0.1889157620326909,0.0,constant_2024_EUR,True,True,0,False,14020565.238821013,-965224.9282886162,18400925.551282413
2023,daily_oracle,services_4,low_cost,1,41035388.10478358,2000000,43035388.10478358,1641415.5241913432,817161.2788640594,100000,0.07,15,-29644944.273609176,-0.086265098094152,unique,,,,,-22104517.941197906,0.0,1166331.1495913034,pretax_unlevered_constant_real_eur_year_end,False,False,1,0.1889157620326909,0.0,constant_2024_EUR,True,True,0,False,3254855.530803173,2523040.846516772,7335008.402437039
2023,daily_oracle,services_4,low_cost,15,41035388.10478358,2000000,43035388.10478358,1641415.5241913432,817161.2788640594,100000,0.07,15,-20523689.19700133,-0.0203640410420856,unique,,,,,-6480837.050175511,0.0,1075331.8367451048,pretax_unlevered_constant_real_eur_year_end,False,False,15,0.1889157620326909,0.0,constant_2024_EUR,True,True,0,False,2253390.752864864,2523040.846516772,7335008.402437039
2023,daily_oracle,services_4,reference_cost,1,70924028.97291689,5000000,75924028.97291689,2836961.1589166755,894754.6606145252,100000,0.07,15,-74486836.52957635,,no_real_irr,,,,,-75076903.28251219,0.0,1166331.1495913034,pretax_unlevered_constant_real_eur_year_end,False,False,1,0.1889157620326909,0.0,constant_2024_EUR,True,True,0,False,8178254.261930061,1249901.830040973,12258407.133563925
2023,daily_oracle,services_4,reference_cost,15,70924028.97291689,5000000,75924028.97291689,2836961.1589166755,894754.6606145252,100000,0.07,15,-65365581.45296851,,multiple_roots,,,,,-59453222.39148981,0.0,1075331.8367451048,pretax_unlevered_constant_real_eur_year_end,False,False,15,0.1889157620326909,0.0,constant_2024_EUR,True,True,0,False,7176789.483991752,1249901.830040973,12258407.133563925
2023,daily_oracle,services_4,high_cost,1,107627903.8888622,10000000,117627903.8888622,4305116.155554488,940469.0851955308,100000,0.07,15,-130432366.05295543,,no_real_irr,,,,,-140739935.76421812,0.0,1166331.1495913034,pretax_unlevered_constant_real_eur_year_end,False,False,1,0.1889157620326909,0.0,constant_2024_EUR,True,True,0,False,14320772.67964855,-263967.5911778454,18400925.551282413
2023,daily_oracle,services_4,high_cost,15,107627903.8888622,10000000,117627903.8888622,4305116.155554488,940469.0851955308,100000,0.07,15,-121311110.9763476,,no_real_irr,,,,,-125116254.87319577,0.0,1075331.8367451048,pretax_unlevered_constant_real_eur_year_end,False,False,15,0.1889157620326909,0.0,constant_2024_EUR,True,True,0,False,13319307.901710242,-263967.5911778454,18400925.551282413
2023,daily_oracle,services_6,low_cost,1,41035388.10478358,2000000,43035388.10478358,1641415.5241913432,817161.2788640594,100000,0.07,15,-28857463.46439235,-0.084004973934084,unique,,,,,-21261913.475335896,0.0,1158061.1675135272,pretax_unlevered_constant_real_eur_year_end,False,False,1,0.1889157620326909,0.0,constant_2024_EUR,True,True,0,False,3168394.3708959664,3365645.3123787786,7335008.402437039
2023,daily_oracle,services_6,low_cost,15,41035388.10478358,2000000,43035388.10478358,1641415.5241913432,817161.2788640594,100000,0.07,15,-12849320.18160925,0.0176113274576694,unique,12.786667670089969,,12.786667670089969,,6158229.937754592,0.0,951282.1055784624,pretax_unlevered_constant_real_eur_year_end,False,False,15,0.1889157620326909,0.0,constant_2024_EUR,True,True,0,False,1410786.287002857,3365645.3123787786,7335008.402437039
2023,daily_oracle,services_6,reference_cost,1,70924028.97291689,5000000,75924028.97291689,2836961.1589166755,894754.6606145252,100000,0.07,15,-73699355.7203595,,no_real_irr,,,,,-74234298.81665017,0.0,1158061.1675135272,pretax_unlevered_constant_real_eur_year_end,False,False,1,0.1889157620326909,0.0,constant_2024_EUR,True,True,0,False,8091793.102022853,2092506.2959029805,12258407.133563925
2023,daily_oracle,services_6,reference_cost,15,70924028.97291689,5000000,75924028.97291689,2836961.1589166755,894754.6606145252,100000,0.07,15,-57691212.43757643,-0.1084573329843593,unique,,,,,-46814155.403559685,0.0,951282.1055784624,pretax_unlevered_constant_real_eur_year_end,False,False,15,0.1889157620326909,0.0,constant_2024_EUR,True,True,0,False,6334185.0181297455,2092506.2959029805,12258407.133563925
2023,daily_oracle,services_6,high_cost,1,107627903.8888622,10000000,117627903.8888622,4305116.155554488,940469.0851955308,100000,0.07,15,-129644885.2437386,,no_real_irr,,,,,-139897331.29835612,0.0,1158061.1675135272,pretax_unlevered_constant_real_eur_year_end,False,False,1,0.1889157620326909,0.0,constant_2024_EUR,True,True,0,False,14234311.519741343,578636.8746841615,18400925.551282413
2023,daily_oracle,services_6,high_cost,15,107627903.8888622,10000000,117627903.8888622,4305116.155554488,940469.0851955308,100000,0.07,15,-113636741.96095552,,no_real_irr,,,,,-112477187.88526563,0.0,951282.1055784624,pretax_unlevered_constant_real_eur_year_end,False,False,15,0.1889157620326909,0.0,constant_2024_EUR,True,True,0,False,12476703.435848234,578636.8746841615,18400925.551282413
2023,daily_oracle,stack_t1_services4,low_cost,1,41035388.10478358,2000000,43035388.10478358,1641415.5241913432,817161.2788640594,100000,0.07,15,-29713844.30753508,-0.0864603067249718,unique,,,,,-22178240.97749862,0.0,1159829.9373315796,pretax_unlevered_constant_real_eur_year_end,False,False,1,0.1889157620326909,15.576104579595365,constant_2024_EUR,True,True,0,False,3262420.3841699543,2449317.810216054,7335008.402437039
2023,daily_oracle,stack_t1_services4,low_cost,15,41035388.10478358,2000000,43035388.10478358,1641415.5241913432,817161.2788640594,100000,0.07,15,-21195152.27182381,-0.0240750313421277,unique,,,,,-7586682.594686279,0.0,977813.65284925,pretax_unlevered_constant_real_eur_year_end,False,False,15,0.1889157620326909,15.576104579595365,constant_2024_EUR,True,True,0,False,2327113.7891655816,2449317.810216054,7335008.402437039
2023,daily_oracle,stack_t1_services4,reference_cost,1,70924028.97291689,5000000,75924028.97291689,2836961.1589166755,894754.6606145252,100000,0.07,15,-74555736.56350225,,no_real_irr,,,,,-75150626.31881289,0.0,1159829.9373315796,pretax_unlevered_constant_real_eur_year_end,False,False,1,0.1889157620326909,15.576104579595365,constant_2024_EUR,True,True,0,False,8185819.115296842,1176178.7937402558,12258407.133563925
2023,daily_oracle,stack_t1_services4,reference_cost,15,70924028.97291689,5000000,75924028.97291689,2836961.1589166755,894754.6606145252,100000,0.07,15,-66037044.52779096,,multiple_roots,,,,,-60559067.93600056,0.0,977813.65284925,pretax_unlevered_constant_real_eur_year_end,False,False,15,0.1889157620326909,15.576104579595365,constant_2024_EUR,True,True,0,False,7250512.520292467,1176178.7937402558,12258407.133563925
2023,daily_oracle,stack_t1_services4,high_cost,1,107627903.8888622,10000000,117627903.8888622,4305116.155554488,940469.0851955308,100000,0.07,15,-130501266.08688134,,no_real_irr,,,,,-140813658.80051884,0.0,1159829.9373315796,pretax_unlevered_constant_real_eur_year_end,False,False,1,0.1889157620326909,15.576104579595365,constant_2024_EUR,True,True,0,False,14328337.533015331,-337690.62747856136,18400925.551282413
2023,daily_oracle,stack_t1_services4,high_cost,15,107627903.8888622,10000000,117627903.8888622,4305116.155554488,940469.0851955308,100000,0.07,15,-121982574.05117004,,no_real_irr,,,,,-126222100.41770647,0.0,977813.65284925,pretax_unlevered_constant_real_eur_year_end,False,False,15,0.1889157620326909,15.576104579595365,constant_2024_EUR,True,True,0,False,13393030.938010955,-337690.62747856136,18400925.551282413
2023,daily_oracle,stack_t4_services4,low_cost,1,41035388.10478358,2000000,43035388.10478358,1641415.5241913432,817161.2788640594,100000,0.07,15,-28601163.99548675,-0.0832576443597951,unique,,,,,-20987673.043606903,0.0,1159829.9373315796,pretax_unlevered_constant_real_eur_year_end,False,False,1,0.1889157620326909,15.576104579595365,constant_2024_EUR,True,True,0,False,3140254.066896409,3639885.74410777,7335008.402437039
2023,daily_oracle,stack_t4_services4,low_cost,15,41035388.10478358,2000000,43035388.10478358,1641415.5241913432,817161.2788640594,100000,0.07,15,-10351561.91269759,0.0286485009404253,unique,11.82327994070942,,11.82327994070942,,10271836.413689468,0.0,977813.65284925,pretax_unlevered_constant_real_eur_year_end,False,False,15,0.1889157620326909,15.576104579595365,constant_2024_EUR,True,True,0,False,1136545.8552738656,3639885.74410777,7335008.402437039
2023,daily_oracle,stack_t4_services4,reference_cost,1,70924028.97291689,5000000,75924028.97291689,2836961.1589166755,894754.6606145252,100000,0.07,15,-73443056.2514539,,no_real_irr,,,,,-73960058.38492118,0.0,1159829.9373315796,pretax_unlevered_constant_real_eur_year_end,False,False,1,0.1889157620326909,15.576104579595365,constant_2024_EUR,True,True,0,False,8063652.798023295,2366746.727631972,12258407.133563925
2023,daily_oracle,stack_t4_services4,reference_cost,15,70924028.97291689,5000000,75924028.97291689,2836961.1589166755,894754.6606145252,100000,0.07,15,-55193454.16866476,-0.0945624329819311,unique,,,,,-42700548.92762481,0.0,977813.65284925,pretax_unlevered_constant_real_eur_year_end,False,False,15,0.1889157620326909,15.576104579595365,constant_2024_EUR,True,True,0,False,6059944.586400753,2366746.727631972,12258407.133563925
2023,daily_oracle,stack_t4_services4,high_cost,1,107627903.8888622,10000000,117627903.8888622,4305116.155554488,940469.0851955308,100000,0.07,15,-129388585.774833,,no_real_irr,,,,,-139623090.86662713,0.0,1159829.9373315796,pretax_unlevered_constant_real_eur_year_end,False,False,1,0.1889157620326909,15.576104579595365,constant_2024_EUR,True,True,0,False,14206171.215741783,852877.306413155,18400925.551282413
2023,daily_oracle,stack_t4_services4,high_cost,15,107627903.8888622,10000000,117627903.8888622,4305116.155554488,940469.0851955308,100000,0.07,15,-111138983.69204384,,no_real_irr,,,,,-108363581.40933076,0.0,977813.65284925,pretax_unlevered_constant_real_eur_year_end,False,False,15,0.1889157620326909,15.576104579595365,constant_2024_EUR,True,True,0,False,12202463.004119242,852877.306413155,18400925.551282413
recent,causal,energy_only,low_cost,0,41035388.10478358,2000000,43035388.10478358,1641415.5241913432,817161.2788640594,100000,0.07,15,-38660374.22622481,,multiple_roots,,,,,-36350494.94173485,0.0,1162322.7781677004,pretax_unlevered_constant_real_eur_year_end,False,False,0,0.1889157620326909,0.0,constant_2024_EUR,True,True,0,False,4244701.278968819,531730.3204128155,7335008.402437039
recent,causal,energy_only,reference_cost,0,70924028.97291689,5000000,75924028.97291689,2836961.1589166755,894754.6606145252,100000,0.07,15,-83502266.48219198,,no_real_irr,,,,,-89322880.28304914,0.0,1162322.7781677004,pretax_unlevered_constant_real_eur_year_end,False,False,0,0.1889157620326909,0.0,constant_2024_EUR,True,True,0,False,9168100.010095708,-741408.696062983,12258407.133563925
recent,causal,energy_only,high_cost,0,107627903.8888622,10000000,117627903.8888622,4305116.155554488,940469.0851955308,100000,0.07,15,-139447796.00557107,,no_real_irr,,,,,-154985912.7647551,0.0,1162322.7781677004,pretax_unlevered_constant_real_eur_year_end,False,False,0,0.1889157620326909,0.0,constant_2024_EUR,True,True,0,False,15310618.427814197,-2255278.117281802,18400925.551282413
recent,causal,capacity_t1_reference,low_cost,1,41035388.10478358,2000000,43035388.10478358,1641415.5241913432,817161.2788640594,100000,0.07,15,-38205438.37360505,,multiple_roots,,,,,-35863713.57943172,0.0,1153686.3310798272,pretax_unlevered_constant_real_eur_year_end,False,False,1,0.1889157620326909,15.576104579595365,constant_2024_EUR,True,True,0,False,4194751.7677674005,1018511.6827159527,7335008.402437039
recent,causal,capacity_t1_reference,low_cost,15,41035388.10478358,2000000,43035388.10478358,1641415.5241913432,817161.2788640594,100000,0.07,15,-34226811.43907796,,multiple_roots,,,,,-29048774.507187795,0.0,1032776.0718496016,pretax_unlevered_constant_real_eur_year_end,False,False,15,0.1889157620326909,15.576104579595365,constant_2024_EUR,True,True,0,False,3757919.9166656826,1018511.6827159527,7335008.402437039
recent,causal,capacity_t1_reference,reference_cost,1,70924028.97291689,5000000,75924028.97291689,2836961.1589166755,894754.6606145252,100000,0.07,15,-83047330.62957221,,no_real_irr,,,,,-88836098.920746,0.0,1153686.3310798272,pretax_unlevered_constant_real_eur_year_end,False,False,1,0.1889157620326909,15.576104579595365,constant_2024_EUR,True,True,0,False,9118150.498894287,-254627.33375984523,12258407.133563925
recent,causal,capacity_t1_reference,reference_cost,15,70924028.97291689,5000000,75924028.97291689,2836961.1589166755,894754.6606145252,100000,0.07,15,-79068703.69504513,,no_real_irr,,,,,-82021159.84850207,0.0,1032776.0718496016,pretax_unlevered_constant_real_eur_year_end,False,False,15,0.1889157620326909,15.576104579595365,constant_2024_EUR,True,True,0,False,8681318.64779257,-254627.33375984523,12258407.133563925
recent,causal,capacity_t1_reference,high_cost,1,107627903.8888622,10000000,117627903.8888622,4305116.155554488,940469.0851955308,100000,0.07,15,-138992860.1529513,,no_real_irr,,,,,-154499131.40245196,0.0,1153686.3310798272,pretax_unlevered_constant_real_eur_year_end,False,False,1,0.1889157620326909,15.576104579595365,constant_2024_EUR,True,True,0,False,15260668.916612776,-1768496.7549786633,18400925.551282413
recent,causal,capacity_t1_reference,high_cost,15,107627903.8888622,10000000,117627903.8888622,4305116.155554488,940469.0851955308,100000,0.07,15,-135014233.2184242,,no_real_irr,,,,,-147684192.33020803,0.0,1032776.0718496016,pretax_unlevered_constant_real_eur_year_end,False,False,15,0.1889157620326909,15.576104579595365,constant_2024_EUR,True,True,0,False,14823837.065511055,-1768496.7549786633,18400925.551282413
recent,causal,capacity_t4_reference,low_cost,1,41035388.10478358,2000000,43035388.10478358,1641415.5241913432,817161.2788640594,100000,0.07,15,-37092758.06155672,,multiple_roots,,,,,-34673145.64554,0.0,1153686.3310798272,pretax_unlevered_constant_real_eur_year_end,False,False,1,0.1889157620326909,15.576104579595365,constant_2024_EUR,True,True,0,False,4072585.450493856,2209079.6166076693,7335008.402437039
recent,causal,capacity_t4_reference,low_cost,15,41035388.10478358,2000000,43035388.10478358,1641415.5241913432,817161.2788640594,100000,0.07,15,-23383221.079951745,-0.0367593393738033,unique,,,,,-11190255.498812048,0.0,1032776.0718496016,pretax_unlevered_constant_real_eur_year_end,False,False,15,0.1889157620326909,15.576104579595365,constant_2024_EUR,True,True,0,False,2567351.982773967,2209079.6166076693,7335008.402437039
recent,causal,capacity_t4_reference,reference_cost,1,70924028.97291689,5000000,75924028.97291689,2836961.1589166755,894754.6606145252,100000,0.07,15,-81934650.31752388,,no_real_irr,,,,,-87645530.98685429,0.0,1153686.3310798272,pretax_unlevered_constant_real_eur_year_end,False,False,1,0.1889157620326909,15.576104579595365,constant_2024_EUR,True,True,0,False,8995984.181620743,935940.6001318712,12258407.133563925
recent,causal,capacity_t4_reference,reference_cost,15,70924028.97291689,5000000,75924028.97291689,2836961.1589166755,894754.6606145252,100000,0.07,15,-68225113.3359189,,multiple_roots,,,,,-64162640.84012633,0.0,1032776.0718496016,pretax_unlevered_constant_real_eur_year_end,False,False,15,0.1889157620326909,15.576104579595365,constant_2024_EUR,True,True,0,False,7490750.713900853,935940.6001318712,12258407.133563925
recent,causal,capacity_t4_reference,high_cost,1,107627903.8888622,10000000,117627903.8888622,4305116.155554488,940469.0851955308,100000,0.07,15,-137880179.84090298,,no_real_irr,,,,,-153308563.46856025,0.0,1153686.3310798272,pretax_unlevered_constant_real_eur_year_end,False,False,1,0.1889157620326909,15.576104579595365,constant_2024_EUR,True,True,0,False,15138502.599339234,-577928.8210869469,18400925.551282413
recent,causal,capacity_t4_reference,high_cost,15,107627903.8888622,10000000,117627903.8888622,4305116.155554488,940469.0851955308,100000,0.07,15,-124170642.85929798,,no_real_irr,,,,,-129825673.32183228,0.0,1032776.0718496016,pretax_unlevered_constant_real_eur_year_end,False,False,15,0.1889157620326909,15.576104579595365,constant_2024_EUR,True,True,0,False,13633269.131619342,-577928.8210869469,18400925.551282413
recent,causal,services_2,low_cost,1,41035388.10478358,2000000,43035388.10478358,1641415.5241913432,817161.2788640594,100000,0.07,15,-38419011.30555828,,multiple_roots,,,,,-36092236.61662167,0.0,1158537.974756371,pretax_unlevered_constant_real_eur_year_end,False,False,1,0.1889157620326909,0.0,constant_2024_EUR,True,True,0,False,4218200.927677499,789988.6455259989,7335008.402437039
recent,causal,services_2,low_cost,15,41035388.10478358,2000000,43035388.10478358,1641415.5241913432,817161.2788640594,100000,0.07,15,-36308179.60999042,,multiple_roots,,,,,-32476620.065037105,0.0,1105550.726997759,pretax_unlevered_constant_real_eur_year_end,False,False,15,0.1889157620326909,0.0,constant_2024_EUR,True,True,0,False,3986442.953855637,789988.6455259989,7335008.402437039
recent,causal,services_2,reference_cost,1,70924028.97291689,5000000,75924028.97291689,2836961.1589166755,894754.6606145252,100000,0.07,15,-83260903.56152545,,no_real_irr,,,,,-89064621.95793596,0.0,1158537.974756371,pretax_unlevered_constant_real_eur_year_end,False,False,1,0.1889157620326909,0.0,constant_2024_EUR,True,True,0,False,9141599.658804389,-483150.3709497983,12258407.133563925
recent,causal,services_2,reference_cost,15,70924028.97291689,5000000,75924028.97291689,2836961.1589166755,894754.6606145252,100000,0.07,15,-81150071.86595759,,no_real_irr,,,,,-85449005.40635137,0.0,1105550.726997759,pretax_unlevered_constant_real_eur_year_end,False,False,15,0.1889157620326909,0.0,constant_2024_EUR,True,True,0,False,8909841.684982523,-483150.3709497983,12258407.133563925
recent,causal,services_2,high_cost,1,107627903.8888622,10000000,117627903.8888622,4305116.155554488,940469.0851955308,100000,0.07,15,-139206433.08490455,,no_real_irr,,,,,-154727654.43964192,0.0,1158537.974756371,pretax_unlevered_constant_real_eur_year_end,False,False,1,0.1889157620326909,0.0,constant_2024_EUR,True,True,0,False,15284118.076522876,-1997019.7921686163,18400925.551282413
recent,causal,services_2,high_cost,15,107627903.8888622,10000000,117627903.8888622,4305116.155554488,940469.0851955308,100000,0.07,15,-137095601.38933665,,no_real_irr,,,,,-151112037.88805732,0.0,1105550.726997759,pretax_unlevered_constant_real_eur_year_end,False,False,15,0.1889157620326909,0.0,constant_2024_EUR,True,True,0,False,15052360.10270101,-1997019.7921686163,18400925.551282413
recent,causal,services_4,low_cost,1,41035388.10478358,2000000,43035388.10478358,1641415.5241913432,817161.2788640594,100000,0.07,15,-37815125.06989828,,multiple_roots,,,,,-35446078.344465464,0.0,1151802.275658555,pretax_unlevered_constant_real_eur_year_end,False,False,1,0.1889157620326909,0.0,constant_2024_EUR,True,True,0,False,4151897.465071106,1436146.9176822016,7335008.402437039
recent,causal,services_4,low_cost,15,41035388.10478358,2000000,43035388.10478358,1641415.5241913432,817161.2788640594,100000,0.07,15,-30423025.63350182,-0.0868645374503335,unique,,,,,-22784245.982694063,0.0,1004515.2405305256,pretax_unlevered_constant_real_eur_year_end,False,False,15,0.1889157620326909,0.0,constant_2024_EUR,True,True,0,False,3340284.6816994348,1436146.9176822016,7335008.402437039
recent,causal,services_4,reference_cost,1,70924028.97291689,5000000,75924028.97291689,2836961.1589166755,894754.6606145252,100000,0.07,15,-82657017.32586545,,no_real_irr,,,,,-88418463.68577975,0.0,1151802.275658555,pretax_unlevered_constant_real_eur_year_end,False,False,1,0.1889157620326909,0.0,constant_2024_EUR,True,True,0,False,9075296.196197994,163007.90120640397,12258407.133563925
recent,causal,services_4,reference_cost,15,70924028.97291689,5000000,75924028.97291689,2836961.1589166755,894754.6606145252,100000,0.07,15,-75264917.88946898,,no_real_irr,,,,,-75756631.32400833,0.0,1004515.2405305256,pretax_unlevered_constant_real_eur_year_end,False,False,15,0.1889157620326909,0.0,constant_2024_EUR,True,True,0,False,8263683.412826321,163007.90120640397,12258407.133563925
recent,causal,services_4,high_cost,1,107627903.8888622,10000000,117627903.8888622,4305116.155554488,940469.0851955308,100000,0.07,15,-138602546.8492445,,no_real_irr,,,,,-154081496.1674857,0.0,1151802.275658555,pretax_unlevered_constant_real_eur_year_end,False,False,1,0.1889157620326909,0.0,constant_2024_EUR,True,True,0,False,15217814.613916485,-1350861.520012415,18400925.551282413
recent,causal,services_4,high_cost,15,107627903.8888622,10000000,117627903.8888622,4305116.155554488,940469.0851955308,100000,0.07,15,-131210447.41284809,,no_real_irr,,,,,-141419663.8057143,0.0,1004515.2405305256,pretax_unlevered_constant_real_eur_year_end,False,False,15,0.1889157620326909,0.0,constant_2024_EUR,True,True,0,False,14406201.83054481,-1350861.520012415,18400925.551282413
recent,causal,services_6,low_cost,1,41035388.10478358,2000000,43035388.10478358,1641415.5241913432,817161.2788640594,100000,0.07,15,-37055483.60647783,,multiple_roots,,,,,-34633261.97860558,0.0,1144848.1115438675,pretax_unlevered_constant_real_eur_year_end,False,False,1,0.1889157620326909,0.0,constant_2024_EUR,True,True,0,False,4068492.915687534,2248963.283542088,7335008.402437039
recent,causal,services_6,low_cost,15,41035388.10478358,2000000,43035388.10478358,1641415.5241913432,817161.2788640594,100000,0.07,15,-23019964.07130464,-0.0345853007732872,unique,,,,,-10592000.494795777,0.0,900202.7788102082,pretax_unlevered_constant_real_eur_year_end,False,False,15,0.1889157620326909,0.0,constant_2024_EUR,True,True,0,False,2527468.315839548,2248963.283542088,7335008.402437039
recent,causal,services_6,reference_cost,1,70924028.97291689,5000000,75924028.97291689,2836961.1589166755,894754.6606145252,100000,0.07,15,-81897375.86244498,,no_real_irr,,,,,-87605647.31991987,0.0,1144848.1115438675,pretax_unlevered_constant_real_eur_year_end,False,False,1,0.1889157620326909,0.0,constant_2024_EUR,True,True,0,False,8991891.646814419,975824.2670662896,12258407.133563925
recent,causal,services_6,reference_cost,15,70924028.97291689,5000000,75924028.97291689,2836961.1589166755,894754.6606145252,100000,0.07,15,-67861856.3272718,,multiple_roots,,,,,-63564385.83611005,0.0,900202.7788102082,pretax_unlevered_constant_real_eur_year_end,False,False,15,0.1889157620326909,0.0,constant_2024_EUR,True,True,0,False,7450867.046966434,975824.2670662896,12258407.133563925
recent,causal,services_6,high_cost,1,107627903.8888622,10000000,117627903.8888622,4305116.155554488,940469.0851955308,100000,0.07,15,-137842905.38582408,,no_real_irr,,,,,-153268679.80162582,0.0,1144848.1115438675,pretax_unlevered_constant_real_eur_year_end,False,False,1,0.1889157620326909,0.0,constant_2024_EUR,True,True,0,False,15134410.064532911,-538045.1541525284,18400925.551282413
recent,causal,services_6,high_cost,15,107627903.8888622,10000000,117627903.8888622,4305116.155554488,940469.0851955308,100000,0.07,15,-123807385.8506509,,no_real_irr,,,,,-129227418.317816,0.0,900202.7788102082,pretax_unlevered_constant_real_eur_year_end,False,False,15,0.1889157620326909,0.0,constant_2024_EUR,True,True,0,False,13593385.464684926,-538045.1541525284,18400925.551282413
recent,causal,stack_t1_services4,low_cost,1,41035388.10478358,2000000,43035388.10478358,1641415.5241913432,817161.2788640594,100000,0.07,15,-37653143.46736037,,multiple_roots,,,,,-35272758.02974991,0.0,1146125.287047678,pretax_unlevered_constant_real_eur_year_end,False,False,1,0.1889157620326909,15.576104579595365,constant_2024_EUR,True,True,0,False,4134112.755811989,1609467.2323977607,7335008.402437039
recent,causal,stack_t1_services4,low_cost,15,41035388.10478358,2000000,43035388.10478358,1641415.5241913432,817161.2788640594,100000,0.07,15,-28844439.111734048,-0.0739150605181117,unique,,,,,-20184441.26196068,0.0,919360.4113673652,pretax_unlevered_constant_real_eur_year_end,False,False,15,0.1889157620326909,15.576104579595365,constant_2024_EUR,True,True,0,False,3166964.3669838747,1609467.2323977607,7335008.402437039
recent,causal,stack_t1_services4,reference_cost,1,70924028.97291689,5000000,75924028.97291689,2836961.1589166755,894754.6606145252,100000,0.07,15,-82495035.72332753,,no_real_irr,,,,,-88245143.37106419,0.0,1146125.287047678,pretax_unlevered_constant_real_eur_year_end,False,False,1,0.1889157620326909,15.576104579595365,constant_2024_EUR,True,True,0,False,9057511.486938875,336328.2159219617,12258407.133563925
recent,causal,stack_t1_services4,reference_cost,15,70924028.97291689,5000000,75924028.97291689,2836961.1589166755,894754.6606145252,100000,0.07,15,-73686331.36770122,,no_real_irr,,,,,-73156826.60327497,0.0,919360.4113673652,pretax_unlevered_constant_real_eur_year_end,False,False,15,0.1889157620326909,15.576104579595365,constant_2024_EUR,True,True,0,False,8090363.098110762,336328.2159219617,12258407.133563925
recent,causal,stack_t1_services4,high_cost,1,107627903.8888622,10000000,117627903.8888622,4305116.155554488,940469.0851955308,100000,0.07,15,-138440565.24670663,,no_real_irr,,,,,-153908175.85277015,0.0,1146125.287047678,pretax_unlevered_constant_real_eur_year_end,False,False,1,0.1889157620326909,15.576104579595365,constant_2024_EUR,True,True,0,False,15200029.904657366,-1177541.2052968573,18400925.551282413
recent,causal,stack_t1_services4,high_cost,15,107627903.8888622,10000000,117627903.8888622,4305116.155554488,940469.0851955308,100000,0.07,15,-129631860.89108032,,no_real_irr,,,,,-138819859.08498093,0.0,919360.4113673652,pretax_unlevered_constant_real_eur_year_end,False,False,15,0.1889157620326909,15.576104579595365,constant_2024_EUR,True,True,0,False,14232881.515829252,-1177541.2052968573,18400925.551282413
recent,causal,stack_t4_services4,low_cost,1,41035388.10478358,2000000,43035388.10478358,1641415.5241913432,817161.2788640594,100000,0.07,15,-36540463.15531204,,multiple_roots,,,,,-34082190.095858194,0.0,1146125.287047678,pretax_unlevered_constant_real_eur_year_end,False,False,1,0.1889157620326909,15.576104579595365,constant_2024_EUR,True,True,0,False,4011946.4385384433,2800035.166289477,7335008.402437039
recent,causal,stack_t4_services4,low_cost,15,41035388.10478358,2000000,43035388.10478358,1641415.5241913432,817161.2788640594,100000,0.07,15,-18000848.752607826,-0.0070614472576577,unique,,,,,-2325922.2535849297,0.0,919360.4113673652,pretax_unlevered_constant_real_eur_year_end,False,False,15,0.1889157620326909,15.576104579595365,constant_2024_EUR,True,True,0,False,1976396.4330921583,2800035.166289477,7335008.402437039
recent,causal,stack_t4_services4,reference_cost,1,70924028.97291689,5000000,75924028.97291689,2836961.1589166755,894754.6606145252,100000,0.07,15,-81382355.4112792,,no_real_irr,,,,,-87054575.43717247,0.0,1146125.287047678,pretax_unlevered_constant_real_eur_year_end,False,False,1,0.1889157620326909,15.576104579595365,constant_2024_EUR,True,True,0,False,8935345.16966533,1526896.149813678,12258407.133563925
recent,causal,stack_t4_services4,reference_cost,15,70924028.97291689,5000000,75924028.97291689,2836961.1589166755,894754.6606145252,100000,0.07,15,-62842741.008575015,,multiple_roots,,,,,-55298307.59489922,0.0,919360.4113673652,pretax_unlevered_constant_real_eur_year_end,False,False,15,0.1889157620326909,15.576104579595365,constant_2024_EUR,True,True,0,False,6899795.164219048,1526896.149813678,12258407.133563925
recent,causal,stack_t4_services4,high_cost,1,107627903.8888622,10000000,117627903.8888622,4305116.155554488,940469.0851955308,100000,0.07,15,-137327884.9346583,,no_real_irr,,,,,-152717607.91887844,0.0,1146125.287047678,pretax_unlevered_constant_real_eur_year_end,False,False,1,0.1889157620326909,15.576104579595365,constant_2024_EUR,True,True,0,False,15077863.58738382,13026.72859485913,18400925.551282413
recent,causal,stack_t4_services4,high_cost,15,107627903.8888622,10000000,117627903.8888622,4305116.155554488,940469.0851955308,100000,0.07,15,-118788270.5319541,,no_real_irr,,,,,-120961340.0766052,0.0,919360.4113673652,pretax_unlevered_constant_real_eur_year_end,False,False,15,0.1889157620326909,15.576104579595365,constant_2024_EUR,True,True,0,False,13042313.581937537,13026.72859485913,18400925.551282413
recent,daily_oracle,energy_only,low_cost,0,41035388.10478358,2000000,43035388.10478358,1641415.5241913432,817161.2788640594,100000,0.07,15,-19616055.713228367,-0.0154673273332492,unique,,,,,-4986037.884421708,0.0,1186147.6052929163,pretax_unlevered_constant_real_eur_year_end,False,False,0,0.1889157620326909,0.0,constant_2024_EUR,True,True,0,False,2153737.475147944,2622694.124233692,7335008.402437039
recent,daily_oracle,energy_only,reference_cost,0,70924028.97291689,5000000,75924028.97291689,2836961.1589166755,894754.6606145252,100000,0.07,15,-64457947.96919555,,multiple_roots,,,,,-57958423.22573599,0.0,1186147.6052929163,pretax_unlevered_constant_real_eur_year_end,False,False,0,0.1889157620326909,0.0,constant_2024_EUR,True,True,0,False,7077136.2062748335,1349555.1077578934,12258407.133563925
recent,daily_oracle,energy_only,high_cost,0,107627903.8888622,10000000,117627903.8888622,4305116.155554488,940469.0851955308,100000,0.07,15,-120403477.49257462,,no_real_irr,,,,,-123621455.70744194,0.0,1186147.6052929163,pretax_unlevered_constant_real_eur_year_end,False,False,0,0.1889157620326909,0.0,constant_2024_EUR,True,True,0,False,13219654.62399332,-164314.31346092466,18400925.551282413
recent,daily_oracle,capacity_t1_reference,low_cost,1,41035388.10478358,2000000,43035388.10478358,1641415.5241913432,817161.2788640594,100000,0.07,15,-19534263.531221736,-0.0152139763998383,unique,,,,,-4898520.249674614,0.0,1179691.352788468,pretax_unlevered_constant_real_eur_year_end,False,False,1,0.1889157620326909,15.576104579595365,constant_2024_EUR,True,True,0,False,2144757.13322105,2710211.758980786,7335008.402437039
recent,daily_oracle,capacity_t1_reference,low_cost,15,41035388.10478358,2000000,43035388.10478358,1641415.5241913432,817161.2788640594,100000,0.07,15,-18818952.622021284,-0.0112721934480206,unique,,,,,-3673273.3632152975,0.0,1089303.8177261923,pretax_unlevered_constant_real_eur_year_end,False,False,15,0.1889157620326909,15.576104579595365,constant_2024_EUR,True,True,0,False,2066219.8404008504,2710211.758980786,7335008.402437039
recent,daily_oracle,capacity_t1_reference,reference_cost,1,70924028.97291689,5000000,75924028.97291689,2836961.1589166755,894754.6606145252,100000,0.07,15,-64376155.78718892,,multiple_roots,,,,,-57870905.5909889,0.0,1179691.352788468,pretax_unlevered_constant_real_eur_year_end,False,False,1,0.1889157620326909,15.576104579595365,constant_2024_EUR,True,True,0,False,7068155.864347938,1437072.742504988,12258407.133563925
recent,daily_oracle,capacity_t1_reference,reference_cost,15,70924028.97291689,5000000,75924028.97291689,2836961.1589166755,894754.6606145252,100000,0.07,15,-63660844.87798846,,multiple_roots,,,,,-56645658.704529576,0.0,1089303.8177261923,pretax_unlevered_constant_real_eur_year_end,False,False,15,0.1889157620326909,15.576104579595365,constant_2024_EUR,True,True,0,False,6989618.571527738,1437072.742504988,12258407.133563925
recent,daily_oracle,capacity_t1_reference,high_cost,1,107627903.8888622,10000000,117627903.8888622,4305116.155554488,940469.0851955308,100000,0.07,15,-120321685.310568,,no_real_irr,,,,,-123533938.07269484,0.0,1179691.352788468,pretax_unlevered_constant_real_eur_year_end,False,False,1,0.1889157620326909,15.576104579595365,constant_2024_EUR,True,True,0,False,13210674.282066423,-76796.67871383019,18400925.551282413
recent,daily_oracle,capacity_t1_reference,high_cost,15,107627903.8888622,10000000,117627903.8888622,4305116.155554488,940469.0851955308,100000,0.07,15,-119606374.40136752,,no_real_irr,,,,,-122308691.18623552,0.0,1089303.8177261923,pretax_unlevered_constant_real_eur_year_end,False,False,15,0.1889157620326909,15.576104579595365,constant_2024_EUR,True,True,0,False,13132136.989246223,-76796.67871383019,18400925.551282413
recent,daily_oracle,capacity_t4_reference,low_cost,1,41035388.10478358,2000000,43035388.10478358,1641415.5241913432,817161.2788640594,100000,0.07,15,-18421583.219173405,-0.0117066581360936,unique,,,,,-3707952.315782897,0.0,1179691.352788468,pretax_unlevered_constant_real_eur_year_end,False,False,1,0.1889157620326909,15.576104579595365,constant_2024_EUR,True,True,0,False,2022590.815947504,3900779.6928725024,7335008.402437039
recent,daily_oracle,capacity_t4_reference,low_cost,15,41035388.10478358,2000000,43035388.10478358,1641415.5241913432,817161.2788640594,100000,0.07,15,-7975362.26289507,0.0387048855767448,unique,11.0325092656265,,11.0325092656265,,14185245.645160448,0.0,1089303.8177261923,pretax_unlevered_constant_real_eur_year_end,False,False,15,0.1889157620326909,15.576104579595365,constant_2024_EUR,True,True,0,False,875651.9065091346,3900779.6928725024,7335008.402437039
recent,daily_oracle,capacity_t4_reference,reference_cost,1,70924028.97291689,5000000,75924028.97291689,2836961.1589166755,894754.6606145252,100000,0.07,15,-63263475.47514059,,multiple_roots,,,,,-56680337.65709718,0.0,1179691.352788468,pretax_unlevered_constant_real_eur_year_end,False,False,1,0.1889157620326909,15.576104579595365,constant_2024_EUR,True,True,0,False,6945989.547074393,2627640.6763967043,12258407.133563925
recent,daily_oracle,capacity_t4_reference,reference_cost,15,70924028.97291689,5000000,75924028.97291689,2836961.1589166755,894754.6606145252,100000,0.07,15,-52817254.51886223,-0.0827401890572372,unique,,,,,-38787139.69615383,0.0,1089303.8177261923,pretax_unlevered_constant_real_eur_year_end,False,False,15,0.1889157620326909,15.576104579595365,constant_2024_EUR,True,True,0,False,5799050.637636021,2627640.6763967043,12258407.133563925
recent,daily_oracle,capacity_t4_reference,high_cost,1,107627903.8888622,10000000,117627903.8888622,4305116.155554488,940469.0851955308,100000,0.07,15,-119209004.99851966,,no_real_irr,,,,,-122343370.13880314,0.0,1179691.352788468,pretax_unlevered_constant_real_eur_year_end,False,False,1,0.1889157620326909,15.576104579595365,constant_2024_EUR,True,True,0,False,13088507.96479288,1113771.2551778862,18400925.551282413
recent,daily_oracle,capacity_t4_reference,high_cost,15,107627903.8888622,10000000,117627903.8888622,4305116.155554488,940469.0851955308,100000,0.07,15,-108762784.04224132,,no_real_irr,,,,,-104450172.17785978,0.0,1089303.8177261923,pretax_unlevered_constant_real_eur_year_end,False,False,15,0.1889157620326909,15.576104579595365,constant_2024_EUR,True,True,0,False,11941569.055354511,1113771.2551778862,18400925.551282413
recent,daily_oracle,services_2,low_cost,1,41035388.10478358,2000000,43035388.10478358,1641415.5241913432,817161.2788640594,100000,0.07,15,-19274066.2914718,-0.0144040013304542,unique,,,,,-4620109.203142181,0.0,1184333.059121304,pretax_unlevered_constant_real_eur_year_end,False,False,1,0.1889157620326909,0.0,constant_2024_EUR,True,True,0,False,2116188.8749344675,2988622.805513219,7335008.402437039
recent,daily_oracle,services_2,low_cost,15,41035388.10478358,2000000,43035388.10478358,1641415.5241913432,817161.2788640594,100000,0.07,15,-16283208.752131443,0.0014945621460349,unique,14.703755984809892,,14.703755984809892,,502892.3347711975,0.0,1158929.4127187314,pretax_unlevered_constant_real_eur_year_end,False,False,15,0.1889157620326909,0.0,constant_2024_EUR,True,True,0,False,1787808.7938684172,2988622.805513219,7335008.402437039
recent,daily_oracle,services_2,reference_cost,1,70924028.97291689,5000000,75924028.97291689,2836961.1589166755,894754.6606145252,100000,0.07,15,-64115958.54743898,,multiple_roots,,,,,-57592494.54445647,0.0,1184333.059121304,pretax_unlevered_constant_real_eur_year_end,False,False,1,0.1889157620326909,0.0,constant_2024_EUR,True,True,0,False,7039587.606061356,1715483.789037421,12258407.133563925
recent,daily_oracle,services_2,reference_cost,15,70924028.97291689,5000000,75924028.97291689,2836961.1589166755,894754.6606145252,100000,0.07,15,-61125101.0080986,,multiple_roots,,,,,-52469493.00654307,0.0,1158929.4127187314,pretax_unlevered_constant_real_eur_year_end,False,False,15,0.1889157620326909,0.0,constant_2024_EUR,True,True,0,False,6711207.524995303,1715483.789037421,12258407.133563925
recent,daily_oracle,services_2,high_cost,1,107627903.8888622,10000000,117627903.8888622,4305116.155554488,940469.0851955308,100000,0.07,15,-120061488.07081804,,no_real_irr,,,,,-123255527.02616242,0.0,1184333.059121304,pretax_unlevered_constant_real_eur_year_end,False,False,1,0.1889157620326909,0.0,constant_2024_EUR,True,True,0,False,13182106.023779845,201614.3678186033,18400925.551282413
recent,daily_oracle,services_2,high_cost,15,107627903.8888622,10000000,117627903.8888622,4305116.155554488,940469.0851955308,100000,0.07,15,-117070630.53147767,,no_real_irr,,,,,-118132525.48824902,0.0,1158929.4127187314,pretax_unlevered_constant_real_eur_year_end,False,False,15,0.1889157620326909,0.0,constant_2024_EUR,True,True,0,False,12853725.942713792,201614.3678186033,18400925.551282413
recent,daily_oracle,services_4,low_cost,1,41035388.10478358,2000000,43035388.10478358,1641415.5241913432,817161.2788640594,100000,0.07,15,-18660819.58935603,-0.0124704685634826,unique,,,,,-3963935.231878308,0.0,1181123.645166005,pretax_unlevered_constant_real_eur_year_end,False,False,1,0.1889157620326909,0.0,constant_2024_EUR,True,True,0,False,2048857.6834265369,3644796.776777093,7335008.402437039
recent,daily_oracle,services_4,low_cost,15,41035388.10478358,2000000,43035388.10478358,1641415.5241913432,817161.2788640594,100000,0.07,15,-10306832.649469122,0.028841577290398,unique,11.807349144672363,,11.807349144672363,,10345501.903729295,0.0,1110788.203389247,pretax_unlevered_constant_real_eur_year_end,False,False,15,0.1889157620326909,0.0,constant_2024_EUR,True,True,0,False,1131634.8226045433,3644796.776777093,7335008.402437039
recent,daily_oracle,services_4,reference_cost,1,70924028.97291689,5000000,75924028.97291689,2836961.1589166755,894754.6606145252,100000,0.07,15,-63502711.84532321,,multiple_roots,,,,,-56936320.57319259,0.0,1181123.645166005,pretax_unlevered_constant_real_eur_year_end,False,False,1,0.1889157620326909,0.0,constant_2024_EUR,True,True,0,False,6972256.414553425,2371657.7603012947,12258407.133563925
recent,daily_oracle,services_4,reference_cost,15,70924028.97291689,5000000,75924028.97291689,2836961.1589166755,894754.6606145252,100000,0.07,15,-55148724.90543629,-0.0943285988992078,unique,,,,,-42626883.437584974,0.0,1110788.203389247,pretax_unlevered_constant_real_eur_year_end,False,False,15,0.1889157620326909,0.0,constant_2024_EUR,True,True,0,False,6055033.553731431,2371657.7603012947,12258407.133563925
recent,daily_oracle,services_4,high_cost,1,107627903.8888622,10000000,117627903.8888622,4305116.155554488,940469.0851955308,100000,0.07,15,-119448241.36870228,,no_real_irr,,,,,-122599353.05489856,0.0,1181123.645166005,pretax_unlevered_constant_real_eur_year_end,False,False,1,0.1889157620326909,0.0,constant_2024_EUR,True,True,0,False,13114774.832271911,857788.3390824758,18400925.551282413
recent,daily_oracle,services_4,high_cost,15,107627903.8888622,10000000,117627903.8888622,4305116.155554488,940469.0851955308,100000,0.07,15,-111094254.42881538,,no_real_irr,,,,,-108289915.91929092,0.0,1110788.203389247,pretax_unlevered_constant_real_eur_year_end,False,False,15,0.1889157620326909,0.0,constant_2024_EUR,True,True,0,False,12197551.97144992,857788.3390824758,18400925.551282413
recent,daily_oracle,services_6,low_cost,1,41035388.10478358,2000000,43035388.10478358,1641415.5241913432,817161.2788640594,100000,0.07,15,-17934705.206843667,-0.0101353555390298,unique,,,,,-3186992.842590077,0.0,1176299.0000066787,pretax_unlevered_constant_real_eur_year_end,False,False,1,0.1889157620326909,0.0,constant_2024_EUR,True,True,0,False,1969134.2273085888,4421739.166065323,7335008.402437039
recent,daily_oracle,services_6,low_cost,15,41035388.10478358,2000000,43035388.10478358,1641415.5241913432,817161.2788640594,100000,0.07,15,-3230508.18090789,0.0577211452186927,unique,9.73268356375678,,9.73268356375678,,21999637.74305276,0.0,1038418.5259993528,pretax_unlevered_constant_real_eur_year_end,False,False,15,0.1889157620326909,0.0,constant_2024_EUR,True,True,0,False,354692.4333163132,4421739.166065323,7335008.402437039
recent,daily_oracle,services_6,reference_cost,1,70924028.97291689,5000000,75924028.97291689,2836961.1589166755,894754.6606145252,100000,0.07,15,-62776597.46281085,,multiple_roots,,,,,-56159378.18390436,0.0,1176299.0000066787,pretax_unlevered_constant_real_eur_year_end,False,False,1,0.1889157620326909,0.0,constant_2024_EUR,True,True,0,False,6892532.958435478,3148600.1495895246,12258407.133563925
recent,daily_oracle,services_6,reference_cost,15,70924028.97291689,5000000,75924028.97291689,2836961.1589166755,894754.6606145252,100000,0.07,15,-48072400.43687506,-0.0620204394794363,unique,,,,,-30972747.598261524,0.0,1038418.5259993528,pretax_unlevered_constant_real_eur_year_end,False,False,15,0.1889157620326909,0.0,constant_2024_EUR,True,True,0,False,5278091.1644432,3148600.1495895246,12258407.133563925
recent,daily_oracle,services_6,high_cost,1,107627903.8888622,10000000,117627903.8888622,4305116.155554488,940469.0851955308,100000,0.07,15,-118722126.98618992,,no_real_irr,,,,,-121822410.66561031,0.0,1176299.0000066787,pretax_unlevered_constant_real_eur_year_end,False,False,1,0.1889157620326909,0.0,constant_2024_EUR,True,True,0,False,13035051.376153965,1634730.7283707066,18400925.551282413
recent,daily_oracle,services_6,high_cost,15,107627903.8888622,10000000,117627903.8888622,4305116.155554488,940469.0851955308,100000,0.07,15,-104017929.96025416,,multiple_roots,,,,,-96635780.07996748,0.0,1038418.5259993528,pretax_unlevered_constant_real_eur_year_end,False,False,15,0.1889157620326909,0.0,constant_2024_EUR,True,True,0,False,11420609.58216169,1634730.7283707066,18400925.551282413
recent,daily_oracle,stack_t1_services4,low_cost,1,41035388.10478358,2000000,43035388.10478358,1641415.5241913432,817161.2788640594,100000,0.07,15,-18890683.34019315,-0.0131992953067575,unique,,,,,-4209889.445274023,0.0,1175606.8815426202,pretax_unlevered_constant_real_eur_year_end,False,False,1,0.1889157620326909,15.576104579595365,constant_2024_EUR,True,True,0,False,2074095.487682064,3398842.563381376,7335008.402437039
recent,daily_oracle,stack_t1_services4,low_cost,15,41035388.10478358,2000000,43035388.10478358,1641415.5241913432,817161.2788640594,100000,0.07,15,-12546962.47427158,0.0189754634462935,unique,12.661777444015923,,12.661777444015923,,6656188.702793556,0.0,1028036.7490384746,pretax_unlevered_constant_real_eur_year_end,False,False,15,0.1889157620326909,15.576104579595365,constant_2024_EUR,True,True,0,False,1377589.0360002606,3398842.563381376,7335008.402437039
recent,daily_oracle,stack_t1_services4,reference_cost,1,70924028.97291689,5000000,75924028.97291689,2836961.1589166755,894754.6606145252,100000,0.07,15,-63732575.59616033,,multiple_roots,,,,,-57182274.786588304,0.0,1175606.8815426202,pretax_unlevered_constant_real_eur_year_end,False,False,1,0.1889157620326909,15.576104579595365,constant_2024_EUR,True,True,0,False,6997494.218808953,2125703.546905579,12258407.133563925
recent,daily_oracle,stack_t1_services4,reference_cost,15,70924028.97291689,5000000,75924028.97291689,2836961.1589166755,894754.6606145252,100000,0.07,15,-57388854.73023873,-0.1066789116095342,unique,,,,,-46316196.63852071,0.0,1028036.7490384746,pretax_unlevered_constant_real_eur_year_end,False,False,15,0.1889157620326909,15.576104579595365,constant_2024_EUR,True,True,0,False,6300987.767127146,2125703.546905579,12258407.133563925
recent,daily_oracle,stack_t1_services4,high_cost,1,107627903.8888622,10000000,117627903.8888622,4305116.155554488,940469.0851955308,100000,0.07,15,-119678105.1195394,,no_real_irr,,,,,-122845307.26829426,0.0,1175606.8815426202,pretax_unlevered_constant_real_eur_year_end,False,False,1,0.1889157620326909,15.576104579595365,constant_2024_EUR,True,True,0,False,13140012.63652744,611834.125686761,18400925.551282413
recent,daily_oracle,stack_t1_services4,high_cost,15,107627903.8888622,10000000,117627903.8888622,4305116.155554488,940469.0851955308,100000,0.07,15,-113334384.2536178,,no_real_irr,,,,,-111979229.12022664,0.0,1028036.7490384746,pretax_unlevered_constant_real_eur_year_end,False,False,15,0.1889157620326909,15.576104579595365,constant_2024_EUR,True,True,0,False,12443506.184845634,611834.125686761,18400925.551282413
recent,daily_oracle,stack_t4_services4,low_cost,1,41035388.10478358,2000000,43035388.10478358,1641415.5241913432,817161.2788640594,100000,0.07,15,-17778003.028144814,-0.0096247555317158,unique,,,,,-3019321.511382307,0.0,1175606.8815426202,pretax_unlevered_constant_real_eur_year_end,False,False,1,0.1889157620326909,15.576104579595365,constant_2024_EUR,True,True,0,False,1951929.170408518,4589410.497273093,7335008.402437039
recent,daily_oracle,stack_t4_services4,low_cost,15,41035388.10478358,2000000,43035388.10478358,1641415.5241913432,817161.2788640594,100000,0.07,15,-1703372.1151453443,0.0635857664742858,unique,9.377105868031212,,9.377105868031212,,24514707.71116931,0.0,1028036.7490384746,pretax_unlevered_constant_real_eur_year_end,False,False,15,0.1889157620326909,15.576104579595365,constant_2024_EUR,True,True,0,False,187021.1021085428,4589410.497273093,7335008.402437039
recent,daily_oracle,stack_t4_services4,reference_cost,1,70924028.97291689,5000000,75924028.97291689,2836961.1589166755,894754.6606145252,100000,0.07,15,-62619895.284112,,multiple_roots,,,,,-55991706.85269659,0.0,1175606.8815426202,pretax_unlevered_constant_real_eur_year_end,False,False,1,0.1889157620326909,15.576104579595365,constant_2024_EUR,True,True,0,False,6875327.901535408,3316271.4807972955,12258407.133563925
recent,daily_oracle,stack_t4_services4,reference_cost,15,70924028.97291689,5000000,75924028.97291689,2836961.1589166755,894754.6606145252,100000,0.07,15,-46545264.3711125,-0.0559757083541029,unique,,,,,-28457677.63014496,0.0,1028036.7490384746,pretax_unlevered_constant_real_eur_year_end,False,False,15,0.1889157620326909,15.576104579595365,constant_2024_EUR,True,True,0,False,5110419.83323543,3316271.4807972955,12258407.133563925
recent,daily_oracle,stack_t4_services4,high_cost,1,107627903.8888622,10000000,117627903.8888622,4305116.155554488,940469.0851955308,100000,0.07,15,-118565424.80749106,,no_real_irr,,,,,-121654739.33440256,0.0,1175606.8815426202,pretax_unlevered_constant_real_eur_year_end,False,False,1,0.1889157620326909,15.576104579595365,constant_2024_EUR,True,True,0,False,13017846.319253894,1802402.0595784772,18400925.551282413
recent,daily_oracle,stack_t4_services4,high_cost,15,107627903.8888622,10000000,117627903.8888622,4305116.155554488,940469.0851955308,100000,0.07,15,-102490793.89449158,,multiple_roots,,,,,-94120710.11185092,0.0,1028036.7490384746,pretax_unlevered_constant_real_eur_year_end,False,False,15,0.1889157620326909,15.576104579595365,constant_2024_EUR,True,True,0,False,11252938.250953918,1802402.0595784772,18400925.551282413
2019,causal,energy_only,low_cost,0,41035388.10478358,2000000,43035388.10478358,1641415.5241913432,817161.2788640594,100000,0.07,15,-49525605.05428844,,no_real_irr,,,,,-54244654.05759063,0.0,1063355.5057988286,pretax_unlevered_constant_real_eur_year_end,False,False,0,0.1889157620326909,0.0,constant_2024_EUR,True,True,0,False,5437645.220025873,-661213.6206442364,7335008.402437039
2019,causal,energy_only,reference_cost,0,70924028.97291689,5000000,75924028.97291689,2836961.1589166755,894754.6606145252,100000,0.07,15,-94367497.3102556,,no_real_irr,,,,,-107217039.3989049,0.0,1063355.5057988286,pretax_unlevered_constant_real_eur_year_end,False,False,0,0.1889157620326909,0.0,constant_2024_EUR,True,True,0,False,10361043.95115276,-1934352.6371200343,12258407.133563925
2019,causal,energy_only,high_cost,0,107627903.8888622,10000000,117627903.8888622,4305116.155554488,940469.0851955308,100000,0.07,15,-150313026.83363467,,no_real_irr,,,,,-172880071.88061085,0.0,1063355.5057988286,pretax_unlevered_constant_real_eur_year_end,False,False,0,0.1889157620326909,0.0,constant_2024_EUR,True,True,0,False,16503562.368871247,-3448222.0583388526,18400925.551282413
2019,daily_oracle,energy_only,low_cost,0,41035388.10478358,2000000,43035388.10478358,1641415.5241913432,817161.2788640594,100000,0.07,15,-39792645.70111996,,no_real_irr,,,,,-38215254.76642137,0.0,1187003.9471967674,pretax_unlevered_constant_real_eur_year_end,False,False,0,0.1889157620326909,0.0,constant_2024_EUR,True,True,0,False,4369018.600614588,407412.99876704765,7335008.402437039
2019,daily_oracle,energy_only,reference_cost,0,70924028.97291689,5000000,75924028.97291689,2836961.1589166755,894754.6606145252,100000,0.07,15,-84634537.95708713,,no_real_irr,,,,,-91187640.10773563,0.0,1187003.9471967674,pretax_unlevered_constant_real_eur_year_end,False,False,0,0.1889157620326909,0.0,constant_2024_EUR,True,True,0,False,9292417.331741476,-865726.0177087504,12258407.133563925
2019,daily_oracle,energy_only,high_cost,0,107627903.8888622,10000000,117627903.8888622,4305116.155554488,940469.0851955308,100000,0.07,15,-140580067.48046622,,no_real_irr,,,,,-156850672.5894416,0.0,1187003.9471967674,pretax_unlevered_constant_real_eur_year_end,False,False,0,0.1889157620326909,0.0,constant_2024_EUR,True,True,0,False,15434935.749459963,-2379595.4389275685,18400925.551282413
2020,causal,energy_only,low_cost,0,41035388.10478358,2000000,43035388.10478358,1641415.5241913432,817161.2788640594,100000,0.07,15,-48200985.500738494,,no_real_irr,,,,,-52063112.45628618,0.0,967781.0830292674,pretax_unlevered_constant_real_eur_year_end,False,False,0,0.1889157620326909,0.0,constant_2024_EUR,True,True,0,False,5292209.113272241,-515777.5138906059,7335008.402437039
2020,causal,energy_only,reference_cost,0,70924028.97291689,5000000,75924028.97291689,2836961.1589166755,894754.6606145252,100000,0.07,15,-93042877.75670566,,no_real_irr,,,,,-105035497.79760043,0.0,967781.0830292674,pretax_unlevered_constant_real_eur_year_end,False,False,0,0.1889157620326909,0.0,constant_2024_EUR,True,True,0,False,10215607.844399128,-1788916.5303664035,12258407.133563925
2020,causal,energy_only,high_cost,0,107627903.8888622,10000000,117627903.8888622,4305116.155554488,940469.0851955308,100000,0.07,15,-148988407.28008473,,no_real_irr,,,,,-170698530.2793064,0.0,967781.0830292674,pretax_unlevered_constant_real_eur_year_end,False,False,0,0.1889157620326909,0.0,constant_2024_EUR,True,True,0,False,16358126.262117617,-3302785.9515852216,18400925.551282413
2020,daily_oracle,energy_only,low_cost,0,41035388.10478358,2000000,43035388.10478358,1641415.5241913432,817161.2788640594,100000,0.07,15,-41087815.06110201,,no_real_irr,,,,,-40348294.27347344,0.0,1140362.5486530778,pretax_unlevered_constant_real_eur_year_end,False,False,0,0.1889157620326909,0.0,constant_2024_EUR,True,True,0,False,4511221.23441806,265210.3649635762,7335008.402437039
2020,daily_oracle,energy_only,reference_cost,0,70924028.97291689,5000000,75924028.97291689,2836961.1589166755,894754.6606145252,100000,0.07,15,-85929707.31706919,,no_real_irr,,,,,-93320679.61478771,0.0,1140362.5486530778,pretax_unlevered_constant_real_eur_year_end,False,False,0,0.1889157620326909,0.0,constant_2024_EUR,True,True,0,False,9434619.965544948,-1007928.6515122224,12258407.133563925
2020,daily_oracle,energy_only,high_cost,0,107627903.8888622,10000000,117627903.8888622,4305116.155554488,940469.0851955308,100000,0.07,15,-141875236.84044826,,no_real_irr,,,,,-158983712.0964937,0.0,1140362.5486530778,pretax_unlevered_constant_real_eur_year_end,False,False,0,0.1889157620326909,0.0,constant_2024_EUR,True,True,0,False,15577138.383263435,-2521798.0727310404,18400925.551282413
2021,causal,energy_only,low_cost,0,41035388.10478358,2000000,43035388.10478358,1641415.5241913432,817161.2788640594,100000,0.07,15,-21193604.42900862,-0.0240663859309623,unique,,,,,-7584133.422371425,0.0,1156256.4660533674,pretax_unlevered_constant_real_eur_year_end,False,False,0,0.1889157620326909,0.0,constant_2024_EUR,True,True,0,False,2326943.844344592,2449487.755037044,7335008.402437039
2021,causal,energy_only,reference_cost,0,70924028.97291689,5000000,75924028.97291689,2836961.1589166755,894754.6606145252,100000,0.07,15,-66035496.6849758,,multiple_roots,,,,,-60556518.76368571,0.0,1156256.4660533674,pretax_unlevered_constant_real_eur_year_end,False,False,0,0.1889157620326909,0.0,constant_2024_EUR,True,True,0,False,7250342.57547148,1176348.7385612456,12258407.133563925
2021,causal,energy_only,high_cost,0,107627903.8888622,10000000,117627903.8888622,4305116.155554488,940469.0851955308,100000,0.07,15,-121981026.20835486,,no_real_irr,,,,,-126219551.24539168,0.0,1156256.4660533674,pretax_unlevered_constant_real_eur_year_end,False,False,0,0.1889157620326909,0.0,constant_2024_EUR,True,True,0,False,13392860.993189966,-337520.68265757244,18400925.551282413
2021,daily_oracle,energy_only,low_cost,0,41035388.10478358,2000000,43035388.10478358,1641415.5241913432,817161.2788640594,100000,0.07,15,-7596524.398623172,0.0402724413994033,unique,10.91610981486877,,10.91610981486877,,14809161.062114405,0.0,1189992.9249465456,pretax_unlevered_constant_real_eur_year_end,False,False,0,0.1889157620326909,0.0,constant_2024_EUR,True,True,0,False,834057.5453788707,3942374.054002766,7335008.402437039
2021,daily_oracle,energy_only,reference_cost,0,70924028.97291689,5000000,75924028.97291689,2836961.1589166755,894754.6606145252,100000,0.07,15,-52438416.65459032,-0.0809576828165992,unique,,,,,-38163224.27919986,0.0,1189992.9249465456,pretax_unlevered_constant_real_eur_year_end,False,False,0,0.1889157620326909,0.0,constant_2024_EUR,True,True,0,False,5757456.276505756,2669235.037526969,12258407.133563925
2021,daily_oracle,energy_only,high_cost,0,107627903.8888622,10000000,117627903.8888622,4305116.155554488,940469.0851955308,100000,0.07,15,-108383946.1779694,,no_real_irr,,,,,-103826256.76090582,0.0,1189992.9249465456,pretax_unlevered_constant_real_eur_year_end,False,False,0,0.1889157620326909,0.0,constant_2024_EUR,True,True,0,False,11899974.694224244,1155365.6163081508,18400925.551282413
